record_id,alloy_name,composition_canonical,yield_strength_mpa,GNN_Predicted_YS_MPa,Error_MPa,Absolute_Error_MPa
7,Al0.25CoFeNi,Al:7.6923;Co:30.7692;Fe:30.7692;Ni:30.7692,158.0,726.6732420337081,-568.6732420337081,568.6732420337081
9,Al0.75CoFeNi,Al:20.0000;Co:26.6667;Fe:26.6667;Ni:26.6667,794.0,1004.9146777869754,-210.9146777869754,210.9146777869754
16,Co1 Cr1 Fe1 Nb0.206 Ni1,Co:23.7756;Cr:23.7756;Fe:23.7756;Nb:4.8978;Ni:23.7756,403.0,454.58868360472525,-51.58868360472525,51.58868360472525
54,AlCo.2CoCrFeNi,Al:19.2308;Co:23.0769;Cr:19.2308;Fe:19.2308;Ni:19.2308,906.0,1174.5508811645905,-268.55088116459046,268.55088116459046
60,AlC1.5CoCrFeNi,Al:15.3846;C:23.0769;Co:15.3846;Cr:15.3846;Fe:15.3846;Ni:15.3846,1255.0,1203.0170683216397,51.98293167836027,51.98293167836027
66,AlCoCrFeMo0.2Ni,Al:19.2308;Co:19.2308;Cr:19.2308;Fe:19.2308;Mo:3.8462;Ni:19.2308,2456.0,2122.5590932688974,333.4409067311026,333.4409067311026
70,Al1 Co1 Cr1 Fe1 Mo0.5 Ni1,Al:18.1818;Co:18.1818;Cr:18.1818;Fe:18.1818;Mo:9.0909;Ni:18.1818,2757.0,2122.5593604002725,634.4406395997275,634.4406395997275
102,Cu1,Co:20.0000;Cr:20.0000;Fe:20.0000;Mn:20.0000;Ni:20.0000,208.0,374.25032498889004,-166.25032498889004,166.25032498889004
103,Cu1,Co:20.0000;Cr:20.0000;Fe:20.0000;Mn:20.0000;Ni:20.0000,230.0,635.3423271590318,-405.3423271590318,405.3423271590318
108,Al0.20CoCrFeMnNi,Al:3.8462;Co:19.2308;Cr:19.2308;Fe:19.2308;Mn:19.2308;Ni:19.2308,220.0,454.49488710065,-234.49488710064998,234.49488710064998
124,Co1 Cr1 Mn1 Ni1,Co:25.0000;Cr:25.0000;Mn:25.0000;Ni:25.0000,282.0,369.7173059023,-87.71730590229998,87.71730590229998
132,Al1 Cr1 Fe1 Mo0.8 Ni1,Al:20.8333;Cr:20.8333;Fe:20.8333;Mo:16.6667;Ni:20.8333,1513.0,2157.768344161424,-644.768344161424,644.768344161424
153,Co1 Cr1 Cu1 Fe1 Ni1 Ti0.8,Co:17.2414;Cr:17.2414;Cu:17.2414;Fe:17.2414;Ni:17.2414;Ti:13.7931,1042.0,661.66199684733,380.33800315267,380.33800315267
163,AlCoCrCuFeNiv,Al:16.6667;Co:16.6667;Cr:16.6667;Cu:16.6667;Fe:16.6667;Ni:16.6667,950.0,1310.4352690406984,-360.43526904069836,360.43526904069836
164,AlCoCrCuFeNiv,Al:16.6667;Co:16.6667;Cr:16.6667;Cu:16.6667;Fe:16.6667;Ni:16.6667,1303.0,1310.4352690406984,-7.435269040698358,7.435269040698358
167,AlCoCrCuFeNiv,Al:16.6667;Co:16.6667;Cr:16.6667;Cu:16.6667;Fe:16.6667;Ni:16.6667,1469.0,1310.4352690406984,158.56473095930164,158.56473095930164
179,Al0.5CoCrCu0.SFeNiTi0.,Al:9.0909;Co:18.1818;Cr:18.1818;Cu:0.0000;Fe:18.1818;Ni:18.1818;S:18.1818;Ti:0.0000,1580.0,875.8897603169643,704.1102396830357,704.1102396830357
200,Al0.75CoCrCu0.25FeNiTi,Al:12.5000;Co:16.6667;Cr:16.6667;Cu:4.1667;Fe:16.6667;Ni:16.6667;Ti:16.6667,1900.0,1347.7586310270362,552.2413689729638,552.2413689729638
227,Al0.25CoFeNi,Al:7.6923;Co:30.7692;Fe:30.7692;Ni:30.7692,158.0,601.3996128986072,-443.3996128986072,443.3996128986072
229,Al0.75CoFeNi,Al:20.0000;Co:26.6667;Fe:26.6667;Ni:26.6667,794.0,960.6054630366335,-166.60546303663352,166.60546303663352
230,Al1 Co1 Fe1 Ni1,Al:25.0000;Co:25.0000;Fe:25.0000;Ni:25.0000,964.0,1139.550293267424,-175.55029326742397,175.55029326742397
237,Co1 Cr1 Mn1 Ni1,Co:25.0000;Cr:25.0000;Mn:25.0000;Ni:25.0000,282.0,494.57451061507174,-212.57451061507174,212.57451061507174
245,Co1 Cr1 Fe1 Nb0.206 Ni1,Co:23.7756;Cr:23.7756;Fe:23.7756;Nb:4.8978;Ni:23.7756,403.0,459.393241734085,-56.393241734084995,56.393241734084995
286,Al0.7Co0.3CrFeNi,Al:17.5000;Co:7.5000;Cr:25.0000;Fe:25.0000;Ni:25.0000,2033.0,1164.4853709515455,868.5146290484545,868.5146290484545
303,Al0.667 C1 Co0.667 Cr0.667 Fe0.667 Ni0.667,Al:15.3864;C:23.0681;Co:15.3864;Cr:15.3864;Fe:15.3864;Ni:15.3864,1255.0,1195.8432552438444,59.156744756155604,59.156744756155604
308,AlCoCrFeMo0.2Ni,Al:19.2308;Co:19.2308;Cr:19.2308;Fe:19.2308;Mo:3.8462;Ni:19.2308,2456.0,2499.579767853954,-43.579767853953854,43.579767853953854
311,Al1 Co1 Cr1 Fe1 Mo0.5 Ni1,Al:18.1818;Co:18.1818;Cr:18.1818;Fe:18.1818;Mo:9.0909;Ni:18.1818,2757.0,2499.579901419641,257.4200985803591,257.4200985803591
342,Al0.5 Co1 Cr1 Cu0.5 Fe1 Ni1 Ti0.5,Al:9.0909;Co:18.1818;Cr:18.1818;Cu:9.0909;Fe:18.1818;Ni:18.1818;Ti:9.0909,1580.0,1321.5134742966748,258.48652570332524,258.48652570332524
347,Al0.667 Co0.667 Cr0.667 Fe0.667 Ni0.667 Ti1,Al:15.3864;Co:15.3864;Cr:15.3864;Fe:15.3864;Ni:15.3864;Ti:23.0681,2220.0,1892.846946946655,327.15305305334505,327.15305305334505
358,Al0.20CoCrFeMnNi,Al:3.8462;Co:19.2308;Cr:19.2308;Fe:19.2308;Mn:19.2308;Ni:19.2308,220.0,433.7217162402876,-213.7217162402876,213.7217162402876
370,Cu1,Co:20.0000;Cr:20.0000;Fe:20.0000;Mn:20.0000;Ni:20.0000,208.0,351.8509250998794,-143.85092509987942,143.85092509987942
372,Cu1,Co:20.0000;Cr:20.0000;Fe:20.0000;Mn:20.0000;Ni:20.0000,230.0,555.3012523722397,-325.3012523722397,325.3012523722397
374,Co1 Cr1 Fe1 Mn1 Ni1 V0.25,Co:19.0476;Cr:19.0476;Fe:19.0476;Mn:19.0476;Ni:19.0476;V:4.7619,200.0,922.4888210405712,-722.4888210405712,722.4888210405712
387,Al1 Cr1 Fe1 Mo0.8 Ni1,Al:20.8333;Cr:20.8333;Fe:20.8333;Mo:16.6667;Ni:20.8333,1513.0,1276.751405082727,236.24859491727307,236.24859491727307
403,Co1 Cr1 Cu1 Fe1 Ni1 Ti0.8,Co:17.2414;Cr:17.2414;Cu:17.2414;Fe:17.2414;Ni:17.2414;Ti:13.7931,1042.0,655.4072325697894,386.59276743021064,386.59276743021064
439,AlCoCrCuFeNiv,Al:16.6667;Co:16.6667;Cr:16.6667;Cu:16.6667;Fe:16.6667;Ni:16.6667,1303.0,1263.3809788886042,39.619021111395796,39.619021111395796
441,Al1 Co1 Cr1 Cu1 Fe1 Ni1 V1,Al:14.2857;Co:14.2857;Cr:14.2857;Cu:14.2857;Fe:14.2857;Ni:14.2857;V:14.2857,1469.0,1350.3188515172326,118.68114848276741,118.68114848276741
480,Al1 Li0.5 Mg1 Sn0.2 Zn0.5,Al:31.2500;Li:15.6250;Mg:31.2500;Sn:6.2500;Zn:15.6250,546.0,82.8100949499892,463.1899050500108,463.1899050500108
490,Al0.4 Hf0.6 Nb1 Ta1 Ti1 Zr1,Al:8.0000;Hf:12.0000;Nb:20.0000;Ta:20.0000;Ti:20.0000;Zr:20.0000,1841.0,1179.1992676137936,661.8007323862064,661.8007323862064
491,Al0.4 Hf0.6 Nb1 Ta1 Ti1 Zr1,Al:8.0000;Hf:12.0000;Nb:20.0000;Ta:20.0000;Ti:20.0000;Zr:20.0000,796.0,424.50074186956056,371.49925813043944,371.49925813043944
492,Al0.4 Hf0.6 Nb1 Ta1 Ti1 Zr1,Al:8.0000;Hf:12.0000;Nb:20.0000;Ta:20.0000;Ti:20.0000;Zr:20.0000,298.0,290.0804008860051,7.919599113994877,7.919599113994877
493,Al0.333 Nb0.667 Ta0.533 Ti1 V0.133 Zr0.667,Al:9.9910;Nb:20.0120;Ta:15.9916;Ti:30.0030;V:3.9904;Zr:20.0120,2035.0,1449.1182921592622,585.8817078407378,585.8817078407378
494,Al0.333 Nb0.667 Ta0.533 Ti1 V0.133 Zr0.667,Al:9.9910;Nb:20.0120;Ta:15.9916;Ti:30.0030;V:3.9904;Zr:20.0120,796.0,474.249285679298,321.750714320702,321.750714320702
495,Al0.333 Nb0.667 Ta0.533 Ti1 V0.133 Zr0.667,Al:9.9910;Nb:20.0120;Ta:15.9916;Ti:30.0030;V:3.9904;Zr:20.0120,220.0,340.2140479643434,-120.21404796434342,120.21404796434342
496,Al1 Mo0.5 Nb1 Ta0.5 Ti1 Zr1,Al:20.0000;Mo:10.0000;Nb:20.0000;Ta:10.0000;Ti:20.0000;Zr:20.0000,2000.0,1402.4108387062884,597.5891612937116,597.5891612937116
497,Al1 Mo0.5 Nb1 Ta0.5 Ti1 Zr1,Al:20.0000;Mo:10.0000;Nb:20.0000;Ta:10.0000;Ti:20.0000;Zr:20.0000,1597.0,544.4157156205404,1052.5842843794596,1052.5842843794596
498,Al1 Mo0.5 Nb1 Ta0.5 Ti1 Zr1,Al:20.0000;Mo:10.0000;Nb:20.0000;Ta:10.0000;Ti:20.0000;Zr:20.0000,745.0,404.1785889446002,340.8214110553998,340.8214110553998
499,Al1 Mo0.5 Nb1 Ta0.5 Ti1 Zr1,Al:20.0000;Mo:10.0000;Nb:20.0000;Ta:10.0000;Ti:20.0000;Zr:20.0000,250.0,285.47505597961185,-35.47505597961185,35.47505597961185
505,Al0.5HfNbTaTiZr,Al:9.0909;Hf:18.1818;Nb:18.1818;Ta:18.1818;Ti:18.1818;Zr:18.1818,1302.0,1134.7770062046598,167.22299379534024,167.22299379534024
506,Al0.75 Hf1 Nb1 Ta1 Ti1 Zr1,Al:13.0435;Hf:17.3913;Nb:17.3913;Ta:17.3913;Ti:17.3913;Zr:17.3913,1415.0,1134.7768225518394,280.22317744816064,280.22317744816064
510,Al0.5MoNbTiV,Al:11.1111;Mo:22.2222;Nb:22.2222;Ti:22.2222;V:22.2222,1625.0,1217.4028942638665,407.59710573613347,407.59710573613347
511,Al0.75 Mo1 Nb1 Ti1 V1,Al:15.7895;Mo:21.0526;Nb:21.0526;Ti:21.0526;V:21.0526,1260.0,1217.4028942638665,42.59710573613347,42.59710573613347
512,Al1 Mo1 Nb1 Ti1 V1,Al:20.0000;Mo:20.0000;Nb:20.0000;Ti:20.0000;V:20.0000,1375.0,1217.4029276552885,157.59707234471148,157.59707234471148
518,AlNbTiV,Al:25.0000;Nb:25.0000;Ti:25.0000;V:25.0000,1020.0,1226.0901067557604,-206.09010675576042,206.09010675576042
519,AlNbTiV,Al:25.0000;Nb:25.0000;Ti:25.0000;V:25.0000,810.0,1005.3097817864309,-195.3097817864309,195.3097817864309
520,AlNbTiV,Al:25.0000;Nb:25.0000;Ti:25.0000;V:25.0000,685.0,842.6831724737799,-157.6831724737799,157.6831724737799
521,AlNbTiV,Al:25.0000;Nb:25.0000;Ti:25.0000;V:25.0000,158.0,409.2202929521879,-251.2202929521879,251.2202929521879
522,CrMo0.5NbTa0.5TiZr,Cr:20.0000;Mo:10.0000;Nb:20.0000;Ta:10.0000;Ti:20.0000;Zr:20.0000,1595.0,1492.7424484982093,102.25755150179066,102.25755150179066
523,CrMo0.5NbTa0.5TiZr,Cr:20.0000;Mo:10.0000;Nb:20.0000;Ta:10.0000;Ti:20.0000;Zr:20.0000,983.0,727.621257892448,255.37874210755194,255.37874210755194
524,CrMo0.5NbTa0.5TiZr,Cr:20.0000;Mo:10.0000;Nb:20.0000;Ta:10.0000;Ti:20.0000;Zr:20.0000,546.0,579.6743190346131,-33.67431903461306,33.67431903461306
525,CrMo0.5NbTa0.5TiZr,Cr:20.0000;Mo:10.0000;Nb:20.0000;Ta:10.0000;Ti:20.0000;Zr:20.0000,170.0,446.85249219954113,-276.85249219954113,276.85249219954113
543,C0.1 Hf0.5 Mo0.5 Nb1 Ti1 Zr1,C:2.4390;Hf:12.1951;Mo:12.1951;Nb:24.3902;Ti:24.3902;Zr:24.3902,1183.0,1572.147784003731,-389.147784003731,389.147784003731
592,Mo1 Nb0.769 Ti0.769 V0.769 Zr0.769,Mo:24.5339;Nb:18.8665;Ti:18.8665;V:18.8665;Zr:18.8665,1496.0,1543.6407257462945,-47.64072574629449,47.64072574629449
598,Mo0.1 Nb1 Ti1 V0.3 Zr1,Mo:2.9412;Nb:29.4118;Ti:29.4118;V:8.8235;Zr:29.4118,932.0,1543.640859311982,-611.640859311982,611.640859311982
603,Mo1 Nb0.667 Ti0.667 V0.2 Zr0.667,Mo:31.2402;Nb:20.8372;Ti:20.8372;V:6.2480;Zr:20.8372,1576.0,1543.6407257462945,32.35927425370551,32.35927425370551
604,Nb1 Ti1 V0.3 Zr1,Nb:30.3030;Ti:30.3030;V:9.0909;Zr:30.3030,866.0,1212.2339689388969,-346.23396893889685,346.23396893889685
651,AlCoCrCuFeNiv,Al:16.6667;Co:16.6667;Cr:16.6667;Cu:16.6667;Fe:16.6667;Ni:16.6667,47.0,23.980954307129764,23.019045692870236,23.019045692870236
652,AlCoCrCuFeNiv,Al:16.6667;Co:16.6667;Cr:16.6667;Cu:16.6667;Fe:16.6667;Ni:16.6667,948.0,1263.3809788886042,-315.3809788886042,315.3809788886042
653,AlCoCrCuFeNiv,Al:16.6667;Co:16.6667;Cr:16.6667;Cu:16.6667;Fe:16.6667;Ni:16.6667,561.0,293.6626326258388,267.3373673741612,267.3373673741612
654,AlCoCrCuFeNiv,Al:16.6667;Co:16.6667;Cr:16.6667;Cu:16.6667;Fe:16.6667;Ni:16.6667,307.0,223.51513562080527,83.48486437919473,83.48486437919473
655,AlCoCrCuFeNiv,Al:16.6667;Co:16.6667;Cr:16.6667;Cu:16.6667;Fe:16.6667;Ni:16.6667,172.0,154.43723264159541,17.562767358404585,17.562767358404585
656,AlCoCrCuFeNiv,Al:16.6667;Co:16.6667;Cr:16.6667;Cu:16.6667;Fe:16.6667;Ni:16.6667,98.0,87.80211252181198,10.197887478188022,10.197887478188022
670,AlMoNbTi,Al:25.0000;Mo:25.0000;Nb:25.0000;Ti:25.0000,520.0,942.1851185451391,-422.18511854513906,422.18511854513906
671,AlMoNbTi,Al:25.0000;Mo:25.0000;Nb:25.0000;Ti:25.0000,500.0,767.7700183458828,-267.7700183458828,267.7700183458828
672,AlNbTiV,Al:25.0000;Nb:25.0000;Ti:25.0000;V:25.0000,780.0,994.8008000993298,-214.80080009932976,214.80080009932976
673,AlNbTiV,Al:25.0000;Nb:25.0000;Ti:25.0000;V:25.0000,560.0,820.961205230191,-260.961205230191,260.961205230191
674,AlNbTiV,Al:25.0000;Nb:25.0000;Ti:25.0000;V:25.0000,1000.0,1369.8887958813873,-369.8887958813873,369.8887958813873
687,Al0.667 Nb0.667 Ti0.667 V0.667 Zr1,Al:18.1843;Nb:18.1843;Ti:18.1843;V:18.1843;Zr:27.2628,1195.0,1116.8959331766098,78.10406682339021,78.10406682339021
688,Al0.667 Nb0.667 Ti0.667 V0.667 Zr1,Al:18.1843;Nb:18.1843;Ti:18.1843;V:18.1843;Zr:27.2628,180.0,613.9558894443276,-433.95588944432757,433.95588944432757
689,Al0.667 Nb0.667 Ti0.667 V0.667 Zr1,Al:18.1843;Nb:18.1843;Ti:18.1843;V:18.1843;Zr:27.2628,1535.0,1381.775707983999,153.22429201600107,153.22429201600107
746,HfMo0.5NbSi0.5TiV0.5,Hf:22.2222;Mo:11.1111;Nb:22.2222;Si:11.1111;Ti:22.2222;V:11.1111,614.0,464.29523603250544,149.70476396749456,149.70476396749456
747,HfMo0.5NbSi0.5TiV0.5,Hf:22.2222;Mo:11.1111;Nb:22.2222;Si:11.1111;Ti:22.2222;V:11.1111,1787.0,1532.5002788799243,254.49972112007572,254.49972112007572
748,HfMo0.5NbSi0.5TiV0.5,Hf:22.2222;Mo:11.1111;Nb:22.2222;Si:11.1111;Ti:22.2222;V:11.1111,188.0,291.36777376536327,-103.36777376536327,103.36777376536327
759,Al1 Mo0.5 Nb1 Ta0.5 Ti1 Zr1,Al:20.0000;Mo:10.0000;Nb:20.0000;Ta:10.0000;Ti:20.0000;Zr:20.0000,2197.0,1402.4108387062884,794.5891612937116,794.5891612937116
789,Al0.2MoTaTiV,Al:4.7619;Mo:23.8095;Ta:23.8095;Ti:23.8095;V:23.8095,1021.0,1344.5021326076917,-323.5021326076917,323.5021326076917
808,Mo1 Nb1 Ta1 Ti1 V1 W1,Mo:16.6667;Nb:16.6667;Ta:16.6667;Ti:16.6667;V:16.6667;W:16.6667,973.0,760.2579167729697,212.74208322703032,212.74208322703032
809,Mo1 Nb1 Ta1 Ti1 V1 W1,Mo:16.6667;Nb:16.6667;Ta:16.6667;Ti:16.6667;V:16.6667;W:16.6667,791.3,751.607301279462,39.69269872053792,39.69269872053792
810,Mo1 Nb1 Ta1 Ti1 V1 W1,Mo:16.6667;Nb:16.6667;Ta:16.6667;Ti:16.6667;V:16.6667;W:16.6667,752.8,734.9958201986165,17.804179801383498,17.804179801383498
811,Mo1 Nb1 Ta1 Ti1 V1 W1,Mo:16.6667;Nb:16.6667;Ta:16.6667;Ti:16.6667;V:16.6667;W:16.6667,659.0,709.0763967887441,-50.07639678874409,50.07639678874409
812,Mo1 Nb1 Ta1 Ti1 V1 W1,Mo:16.6667;Nb:16.6667;Ta:16.6667;Ti:16.6667;V:16.6667;W:16.6667,1515.0,1271.727164788785,243.2728352112149,243.2728352112149
818,Mo1 Nb1 Ta1 Ti1 Zr1,Mo:20.0000;Nb:20.0000;Ta:20.0000;Ti:20.0000;Zr:20.0000,1390.0,1318.4570572772657,71.54294272273432,71.54294272273432
819,Mo1 Nb1 Ta1 Ti1 Zr1,Mo:20.0000;Nb:20.0000;Ta:20.0000;Ti:20.0000;Zr:20.0000,1100.0,1436.030390785709,-336.03039078570896,336.03039078570896
820,Mo1 Nb1 Ta1 Ti1 Zr1,Mo:20.0000;Nb:20.0000;Ta:20.0000;Ti:20.0000;Zr:20.0000,1375.0,1318.4570572772657,56.542942722734324,56.542942722734324
823,Nb1 Ta1 Ti1 V1 W1,Nb:20.0000;Ta:20.0000;Ti:20.0000;V:20.0000;W:20.0000,1420.0,1294.191076904878,125.80892309512205,125.80892309512205
825,Al0.25 Cr0.5 Nb0.5 Ti1 V0.25,Al:10.0000;Cr:20.0000;Nb:20.0000;Ti:40.0000;V:10.0000,930.0,1118.3367897266628,-188.3367897266628,188.3367897266628
826,Al0.25 Cr0.5 Nb0.5 Ti1 V0.25,Al:10.0000;Cr:20.0000;Nb:20.0000;Ti:40.0000;V:10.0000,445.0,776.8615341739613,-331.86153417396133,331.86153417396133
827,Al0.25 Cr0.5 Nb0.5 Ti1 V0.25,Al:10.0000;Cr:20.0000;Nb:20.0000;Ti:40.0000;V:10.0000,90.0,364.9557559243283,-274.9557559243283,274.9557559243283
828,Al0.25 Cr0.5 Nb0.5 Ti1 V0.25,Al:10.0000;Cr:20.0000;Nb:20.0000;Ti:40.0000;V:10.0000,1340.0,1345.3953531431182,-5.3953531431182,5.3953531431182
829,Al0.25 Cr0.5 Nb0.5 Ti1 V0.25,Al:10.0000;Cr:20.0000;Nb:20.0000;Ti:40.0000;V:10.0000,1240.0,1213.958702662106,26.041297337894093,26.041297337894093
842,AlNbTiV,Al:25.0000;Nb:25.0000;Ti:25.0000;V:25.0000,780.0,1005.3097817864309,-225.3097817864309,225.3097817864309
843,AlNbTiV,Al:25.0000;Nb:25.0000;Ti:25.0000;V:25.0000,560.0,842.6831641259245,-282.68316412592446,282.68316412592446
844,AlNbTiV,Al:25.0000;Nb:25.0000;Ti:25.0000;V:25.0000,110.0,409.2202929521879,-299.2202929521879,299.2202929521879
845,AlNbTiV,Al:25.0000;Nb:25.0000;Ti:25.0000;V:25.0000,1000.0,1226.0901067557604,-226.09010675576042,226.09010675576042
847,Cr0.5 Fe1 Mn0.625 Ni0.375,Cr:20.0000;Fe:40.0000;Mn:25.0000;Ni:15.0000,219.0,1212.7379122779867,-993.7379122779867,993.7379122779867
851,Al0.35 Cr0.5 Fe1 Mn0.625 Ni0.375,Al:12.2807;Cr:17.5439;Fe:35.0877;Mn:21.9298;Ni:13.1579,942.0,1212.4795962382836,-270.47959623828365,270.47959623828365
852,Cr0.5 Fe1 Mn0.625 Ni0.375,Cr:20.0000;Fe:40.0000;Mn:25.0000;Ni:15.0000,132.0,409.7784639604193,-277.7784639604193,277.7784639604193
856,Al0.35 Cr0.5 Fe1 Mn0.625 Ni0.375,Al:12.2807;Cr:17.5439;Fe:35.0877;Mn:21.9298;Ni:13.1579,833.0,864.5857539183454,-31.585753918345404,31.585753918345404
857,Cr0.5 Fe1 Mn0.625 Ni0.375,Cr:20.0000;Fe:40.0000;Mn:25.0000;Ni:15.0000,115.0,260.55022946200916,-145.55022946200916,145.55022946200916
861,Al0.35 Cr0.5 Fe1 Mn0.625 Ni0.375,Al:12.2807;Cr:17.5439;Fe:35.0877;Mn:21.9298;Ni:13.1579,326.0,743.2937554941736,-417.29375549417364,417.29375549417364
862,Cu1,Co:20.0000;Cr:20.0000;Fe:20.0000;Mn:20.0000;Ni:20.0000,370.0,498.7210907761856,-128.72109077618558,128.72109077618558
892,Al0.465 Co0.465 Cr0.465 Fe0.465 Ni1,Al:16.2587;Co:16.2587;Cr:16.2587;Fe:16.2587;Ni:34.9650,595.0,630.6749242950651,-35.674924295065125,35.674924295065125
895,Al0.465 Co0.465 Cr0.465 Fe0.465 Ni1,Al:16.2587;Co:16.2587;Cr:16.2587;Fe:16.2587;Ni:34.9650,700.0,743.6617289633475,-43.661728963347514,43.661728963347514
915,Cu1,Co:20.0000;Cr:20.0000;Fe:20.0000;Mn:20.0000;Ni:20.0000,243.0,498.7210573847637,-255.7210573847637,255.7210573847637
917,Cu1,Co:20.0000;Cr:20.0000;Fe:20.0000;Mn:20.0000;Ni:20.0000,249.0,498.7210907761856,-249.72109077618558,249.72109077618558
920,Al0.167 Co1 Cr1 Fe1 Ni1 Ti0.083,Al:3.9294;Co:23.5294;Cr:23.5294;Fe:23.5294;Ni:23.5294;Ti:1.9529,210.0,532.4471948828415,-322.4471948828415,322.4471948828415
921,Al0.167 Co1 Cr1 Fe1 Ni1 Ti0.083,Al:3.9294;Co:23.5294;Cr:23.5294;Fe:23.5294;Ni:23.5294;Ti:1.9529,645.0,897.7842735592167,-252.78427355921667,252.78427355921667
922,Al0.167 Co1 Cr1 Fe1 Ni1 Ti0.083,Al:3.9294;Co:23.5294;Cr:23.5294;Fe:23.5294;Ni:23.5294;Ti:1.9529,1005.0,897.7842568635058,107.21574313649421,107.21574313649421
939,Al1 Cr0.828 Fe0.828 Ni0.828,Al:28.7026;Cr:23.7658;Fe:23.7658;Ni:23.7658,906.8,1222.7571085888771,-315.9571085888772,315.9571085888772
947,Cu1,Co:20.0000;Cr:20.0000;Fe:20.0000;Mn:20.0000;Ni:20.0000,230.0,555.3012523722397,-325.3012523722397,325.3012523722397
955,Al0.465 Co0.465 Cr0.465 Fe0.465 Ni1,Al:16.2587;Co:16.2587;Cr:16.2587;Fe:16.2587;Ni:34.9650,545.0,436.26948173012084,108.73051826987916,108.73051826987916
965,AlCoCrCuFeNiv,Al:16.6667;Co:16.6667;Cr:16.6667;Cu:16.6667;Fe:16.6667;Ni:16.6667,790.0,732.8358626825568,57.16413731744319,57.16413731744319
966,AlCoCrCuFeNiv,Al:16.6667;Co:16.6667;Cr:16.6667;Cu:16.6667;Fe:16.6667;Ni:16.6667,1040.0,1248.2566014771223,-208.25660147712233,208.25660147712233
968,AlCoCrCuFeNiv,Al:16.6667;Co:16.6667;Cr:16.6667;Cu:16.6667;Fe:16.6667;Ni:16.6667,350.0,431.01948203281387,-81.01948203281387,81.01948203281387
969,AlCoCrCuFeNiv,Al:16.6667;Co:16.6667;Cr:16.6667;Cu:16.6667;Fe:16.6667;Ni:16.6667,63.0,169.52534696890984,-106.52534696890984,106.52534696890984
978,Cu1,Co:20.0000;Cr:20.0000;Fe:20.0000;Mn:20.0000;Ni:20.0000,1120.0,498.7210907761856,621.2789092238145,621.2789092238145
979,Cu1,Co:20.0000;Cr:20.0000;Fe:20.0000;Mn:20.0000;Ni:20.0000,1692.0,586.9994286449696,1105.0005713550304,1105.0005713550304
988,Al0.476 Co0.476 Cr0.476 Fe0.476 Ni1,Al:16.3912;Co:16.3912;Cr:16.3912;Fe:16.3912;Ni:34.4353,1263.0,607.1546077647936,655.8453922352064,655.8453922352064
989,Al0.476 Co0.476 Cr0.476 Fe0.476 Ni1,Al:16.3912;Co:16.3912;Cr:16.3912;Fe:16.3912;Ni:34.4353,1154.0,607.1546077647936,546.8453922352064,546.8453922352064
990,Al0.476 Co0.476 Cr0.476 Fe0.476 Ni1,Al:16.3912;Co:16.3912;Cr:16.3912;Fe:16.3912;Ni:34.4353,1490.0,607.1546077647936,882.8453922352064,882.8453922352064
991,Cu1,Co:20.0000;Cr:20.0000;Fe:20.0000;Mn:20.0000;Ni:20.0000,210.0,491.7710670078643,-281.7710670078643,281.7710670078643
992,Cu1,Co:20.0000;Cr:20.0000;Fe:20.0000;Mn:20.0000;Ni:20.0000,1150.0,517.6484840090052,632.3515159909948,632.3515159909948
993,Cu1,Co:20.0000;Cr:20.0000;Fe:20.0000;Mn:20.0000;Ni:20.0000,1300.0,517.6485174004272,782.3514825995728,782.3514825995728
997,Cu1,Co:20.0000;Cr:20.0000;Fe:20.0000;Mn:20.0000;Ni:20.0000,300.0,498.7210907761856,-198.72109077618558,198.72109077618558
998,Cu1,Co:20.0000;Cr:20.0000;Fe:20.0000;Mn:20.0000;Ni:20.0000,800.0,498.7210573847637,301.2789426152363,301.2789426152363
999,Cu1,Co:20.0000;Cr:20.0000;Fe:20.0000;Mn:20.0000;Ni:20.0000,1314.0,1235.6389514979771,78.36104850202287,78.36104850202287
1000,Al0.10CoCrFeMnNi,Al:1.9608;Co:19.6078;Cr:19.6078;Fe:19.6078;Mn:19.6078;Ni:19.6078,1631.0,1305.7021685541727,325.29783144582734,325.29783144582734
1016,Cu1,Co:20.0000;Cr:20.0000;Fe:20.0000;Mn:20.0000;Ni:20.0000,216.0,491.77100022502054,-275.77100022502054,275.77100022502054
1018,Co1 Cr1 Fe1 Mn1 Mo0.087 Ni1,Co:19.6580;Cr:19.6580;Fe:19.6580;Mn:19.6580;Mo:1.7102;Ni:19.6580,330.0,764.7304639945258,-434.73046399452585,434.73046399452585
1019,Co1 Cr1 Fe1 Mn1 Mo0.136 Ni1,Co:19.4704;Cr:19.4704;Fe:19.4704;Mn:19.4704;Mo:2.6480;Ni:19.4704,560.0,764.7305307773696,-204.7305307773696,204.7305307773696
1027,Cu1,Co:20.0000;Cr:20.0000;Fe:20.0000;Mn:20.0000;Ni:20.0000,378.7,498.7210573847637,-120.02105738476371,120.02105738476371
1038,Cu1,Co:20.0000;Cr:20.0000;Fe:20.0000;Mn:20.0000;Ni:20.0000,386.2,498.7210907761856,-112.52109077618559,112.52109077618559
1039,Cr1 Cu1 Fe1 Mn1 Ni1,Cr:20.0000;Cu:20.0000;Fe:20.0000;Mn:20.0000;Ni:20.0000,628.0,391.4263381438361,236.57366185616388,236.57366185616388
1040,Cr1 Cu1 Fe1 Mn1 Ni1,Cr:20.0000;Cu:20.0000;Fe:20.0000;Mn:20.0000;Ni:20.0000,545.0,515.7091436173405,29.290856382659513,29.290856382659513
1041,Cr1 Cu1 Fe1 Mn1 Ni1,Cr:20.0000;Cu:20.0000;Fe:20.0000;Mn:20.0000;Ni:20.0000,534.0,515.7091436173405,18.290856382659513,18.290856382659513
1042,Cr1 Cu1 Fe1 Mn1 Ni1,Cr:20.0000;Cu:20.0000;Fe:20.0000;Mn:20.0000;Ni:20.0000,525.0,515.7091436173405,9.290856382659513,9.290856382659513
1043,Cr1 Cu1 Fe1 Mn1 Ni1,Cr:20.0000;Cu:20.0000;Fe:20.0000;Mn:20.0000;Ni:20.0000,517.0,515.7091436173405,1.2908563826595127,1.2908563826595127
1044,Cr1 Cu1 Fe1 Mn1 Ni1,Cr:20.0000;Cu:20.0000;Fe:20.0000;Mn:20.0000;Ni:20.0000,502.0,515.7091436173405,-13.709143617340487,13.709143617340487
1066,Co1 Cr0.556 Fe0.667 Ni0.667,Co:34.6021;Cr:19.2388;Fe:23.0796;Ni:23.0796,299.0,471.97172357535896,-172.97172357535896,172.97172357535896
1118,Co0.986 Cr0.952 Fe0.933 Mn0.914 Ni1,Co:20.6061;Cr:19.8955;Fe:19.4984;Mn:19.1014;Ni:20.8986,1290.0,864.6097821768375,425.3902178231625,425.3902178231625
1119,Co0.986 Cr0.952 Fe0.933 Mn0.914 Ni1,Co:20.6061;Cr:19.8955;Fe:19.4984;Mn:19.1014;Ni:20.8986,1135.0,229.2800310435805,905.7199689564195,905.7199689564195
1120,Co0.986 Cr0.952 Fe0.933 Mn0.914 Ni1,Co:20.6061;Cr:19.8955;Fe:19.4984;Mn:19.1014;Ni:20.8986,585.0,229.2800310435805,355.7199689564195,355.7199689564195
1121,Co0.986 Cr0.952 Fe0.933 Mn0.914 Ni1,Co:20.6061;Cr:19.8955;Fe:19.4984;Mn:19.1014;Ni:20.8986,425.0,577.3960557108144,-152.39605571081438,152.39605571081438
1123,Co0.986 Cr0.952 Fe0.933 Mn0.914 Ni1,Co:20.6061;Cr:19.8955;Fe:19.4984;Mn:19.1014;Ni:20.8986,270.0,498.7210907761856,-228.72109077618558,228.72109077618558
1124,Co0.986 Cr0.952 Fe0.933 Mn0.914 Ni1,Co:20.6061;Cr:19.8955;Fe:19.4984;Mn:19.1014;Ni:20.8986,1120.0,696.9041048989914,423.09589510100864,423.09589510100864
1125,Al0.4 Hf0.6 Nb1 Ta1 Ti1 Zr1,Al:8.0000;Hf:12.0000;Nb:20.0000;Ta:20.0000;Ti:20.0000;Zr:20.0000,1841.0,1180.4658376373175,660.5341623626825,660.5341623626825
1127,AlMoNbTi,Al:25.0000;Mo:25.0000;Nb:25.0000;Ti:25.0000,1100.0,1212.449176652946,-112.44917665294611,112.44917665294611
1133,Mo1 Nb1 Ta1 Ti1 V1 W1,Mo:16.6667;Nb:16.6667;Ta:16.6667;Ti:16.6667;V:16.6667;W:16.6667,1515.0,1279.2883183604476,235.71168163955235,235.71168163955235
1138,Nb1 Ta0.3 Ti1 Zr1,Nb:30.3030;Ta:9.0909;Ti:30.3030;Zr:30.3030,882.0,1267.8403698899374,-385.8403698899374,385.8403698899374
1142,Al1 Mo0.5 Nb1 Ta0.5 Ti1 Zr1,Al:20.0000;Mo:10.0000;Nb:20.0000;Ta:10.0000;Ti:20.0000;Zr:20.0000,2000.0,1402.3418520286737,597.6581479713263,597.6581479713263
1144,CrMo0.5NbTa0.5TiZr,Cr:20.0000;Mo:10.0000;Nb:20.0000;Ta:10.0000;Ti:20.0000;Zr:20.0000,1595.0,1449.3772760274028,145.6227239725972,145.6227239725972
1146,HfMo0.5NbSi0.5TiV0.5,Hf:22.2222;Mo:11.1111;Nb:22.2222;Si:11.1111;Ti:22.2222;V:11.1111,1787.0,1533.6410634172069,253.35893658279315,253.35893658279315
1150,Nb1 Ta1 Ti1 V1 Zr1,Nb:20.0000;Ta:20.0000;Ti:20.0000;V:20.0000;Zr:20.0000,1395.0,1361.9459783575783,33.05402164242173,33.05402164242173
1151,Al0.4 Hf0.6 Nb1 Ta1 Ti1 Zr1,Al:8.0000;Hf:12.0000;Nb:20.0000;Ta:20.0000;Ti:20.0000;Zr:20.0000,298.0,290.0804008860051,7.919599113994877,7.919599113994877
1153,AlMoNbTi,Al:25.0000;Mo:25.0000;Nb:25.0000;Ti:25.0000,540.0,415.6228977501248,124.37710224987518,124.37710224987518
1160,Mo1 Nb1 Ta1 Ti1 V1 W1,Mo:16.6667;Nb:16.6667;Ta:16.6667;Ti:16.6667;V:16.6667;W:16.6667,753.0,734.9958201986165,18.004179801383543,18.004179801383543
1165,Nb1 Ta0.3 Ti1 Zr1,Nb:30.3030;Ta:9.0909;Ti:30.3030;Zr:30.3030,274.0,592.9469751454563,-318.94697514545635,318.94697514545635
1169,Al1 Mo0.5 Nb1 Ta0.5 Ti1 Zr1,Al:20.0000;Mo:10.0000;Nb:20.0000;Ta:10.0000;Ti:20.0000;Zr:20.0000,745.0,404.1785889446002,340.8214110553998,340.8214110553998
1171,CrMo0.5NbTa0.5TiZr,Cr:20.0000;Mo:10.0000;Nb:20.0000;Ta:10.0000;Ti:20.0000;Zr:20.0000,546.0,523.8603903965563,22.13960960344366,22.13960960344366
1173,HfMo0.5NbSi0.5TiV0.5,Hf:22.2222;Mo:11.1111;Nb:22.2222;Si:11.1111;Ti:22.2222;V:11.1111,614.0,464.29523603250544,149.70476396749456,149.70476396749456
1177,Nb1 Ta1 Ti1 V1 Zr1,Nb:20.0000;Ta:20.0000;Ti:20.0000;V:20.0000;Zr:20.0000,190.0,462.8648810846352,-272.8648810846352,272.8648810846352
1178,Al0.4 Hf0.6 Nb1 Ta1 Ti1 Zr1,Al:8.0000;Hf:12.0000;Nb:20.0000;Ta:20.0000;Ti:20.0000;Zr:20.0000,89.0,180.89098558447313,-91.89098558447313,91.89098558447313
1180,AlMoNbTi,Al:25.0000;Mo:25.0000;Nb:25.0000;Ti:25.0000,200.0,239.3894843678264,-39.38948436782641,39.38948436782641
1186,Mo1 Nb1 Ta1 Ti1 V1 W1,Mo:16.6667;Nb:16.6667;Ta:16.6667;Ti:16.6667;V:16.6667;W:16.6667,659.0,709.0763967887441,-50.07639678874409,50.07639678874409
1191,Nb1 Ta0.3 Ti1 Zr1,Nb:30.3030;Ta:9.0909;Ti:30.3030;Zr:30.3030,102.0,471.1816157507137,-369.1816157507137,369.1816157507137
1195,Al1 Mo0.5 Nb1 Ta0.5 Ti1 Zr1,Al:20.0000;Mo:10.0000;Nb:20.0000;Ta:10.0000;Ti:20.0000;Zr:20.0000,250.0,285.47505597961185,-35.47505597961185,35.47505597961185
1197,CrMo0.5NbTa0.5TiZr,Cr:20.0000;Mo:10.0000;Nb:20.0000;Ta:10.0000;Ti:20.0000;Zr:20.0000,170.0,389.87958069927447,-219.87958069927447,219.87958069927447
1199,HfMo0.5NbSi0.5TiV0.5,Hf:22.2222;Mo:11.1111;Nb:22.2222;Si:11.1111;Ti:22.2222;V:11.1111,188.0,291.36777376536327,-103.36777376536327,103.36777376536327
1203,Nb1 Ta1 Ti1 V1 Zr1,Nb:20.0000;Ta:20.0000;Ti:20.0000;V:20.0000;Zr:20.0000,78.0,328.1779429887491,-250.17794298874912,250.17794298874912
1204,Cu1,Co:20.0000;Cr:20.0000;Fe:20.0000;Mn:20.0000;Ni:20.0000,293.1,498.7210573847637,-205.62105738476367,205.62105738476367
1253,Cu1,Co:20.0000;Cr:20.0000;Fe:20.0000;Mn:20.0000;Ni:20.0000,210.0,351.8509250998794,-141.85092509987942,141.85092509987942
1254,Cu1,Co:20.0000;Cr:20.0000;Fe:20.0000;Mn:20.0000;Ni:20.0000,1150.0,498.7210907761856,651.2789092238145,651.2789092238145
1255,Cu1,Co:20.0000;Cr:20.0000;Fe:20.0000;Mn:20.0000;Ni:20.0000,1300.0,498.7210573847637,801.2789426152362,801.2789426152362
1256,Cu1,Co:20.0000;Cr:20.0000;Fe:20.0000;Mn:20.0000;Ni:20.0000,1050.0,498.7210573847637,551.2789426152362,551.2789426152362
1257,Cu1,Co:20.0000;Cr:20.0000;Fe:20.0000;Mn:20.0000;Ni:20.0000,560.0,498.7210573847637,61.2789426152363,61.2789426152363
1258,Cu1,Co:20.0000;Cr:20.0000;Fe:20.0000;Mn:20.0000;Ni:20.0000,520.0,498.7210907761856,21.278909223814424,21.278909223814424
1259,Cu1,Co:20.0000;Cr:20.0000;Fe:20.0000;Mn:20.0000;Ni:20.0000,320.0,498.7210907761856,-178.72109077618558,178.72109077618558
1260,Cu1,Co:20.0000;Cr:20.0000;Fe:20.0000;Mn:20.0000;Ni:20.0000,280.0,498.7210573847637,-218.7210573847637,218.7210573847637
1272,Co0.318 Cr0.227 Fe1 Mo0.091 Ni0.182,Co:17.4917;Cr:12.4862;Fe:55.0055;Mo:5.0055;Ni:10.0110,443.0,706.3430417760734,-263.3430417760734,263.3430417760734
1274,Co0.318 Cr0.227 Fe1 Mo0.091 Ni0.182,Co:17.4917;Cr:12.4862;Fe:55.0055;Mo:5.0055;Ni:10.0110,301.0,706.3430751674953,-405.3430751674953,405.3430751674953
1276,Co0.318 Cr0.227 Fe1 Mo0.091 Ni0.182,Co:17.4917;Cr:12.4862;Fe:55.0055;Mo:5.0055;Ni:10.0110,261.0,706.3430584717844,-445.3430584717844,445.3430584717844
1279,Co0.318 Cr0.227 Fe1 Mo0.091 Ni0.182,Co:17.4917;Cr:12.4862;Fe:55.0055;Mo:5.0055;Ni:10.0110,231.0,706.3430584717844,-475.3430584717844,475.3430584717844
1282,Cr1 Cu1 Fe1 Mn1 Ni1,Cr:20.0000;Cu:20.0000;Fe:20.0000;Mn:20.0000;Ni:20.0000,615.0,442.5079676894925,172.4920323105075,172.4920323105075
1286,C0.4 Mo1 Nb1 Re0.5 Ta0.4 W1,C:9.3023;Mo:23.2558;Nb:23.2558;Re:11.6279;Ta:9.3023;W:23.2558,1144.0,1285.549577269545,-141.5495772695449,141.5495772695449
1289,C0.6 Mo1 Nb1 Re0.5 Ta0.6 W1,C:12.7660;Mo:21.2766;Nb:21.2766;Re:10.6383;Ta:12.7660;W:21.2766,1241.0,1285.549577269545,-44.5495772695449,44.5495772695449
1317,AlCoCrCuFeNiv,Al:16.6667;Co:16.6667;Cr:16.6667;Cu:16.6667;Fe:16.6667;Ni:16.6667,1285.0,1224.4247763720846,60.57522362791542,60.57522362791542
1318,AlCoCuFeNiTi,Al:16.6667;Co:16.6667;Cu:16.6667;Fe:16.6667;Ni:16.6667;Ti:16.6667,1612.0,1067.542159452109,544.457840547891,544.457840547891
1327,Hf1 Nb1 Ta1 Ti1 W1 Zr1,Hf:16.6667;Nb:16.6667;Ta:16.6667;Ti:16.6667;W:16.6667;Zr:16.6667,1550.0,1726.047378249601,-176.04737824960102,176.04737824960102
1328,Hf1 Mo1 Nb1 Ta1 Ti1 W1 Zr1,Hf:14.2857;Mo:14.2857;Nb:14.2857;Ta:14.2857;Ti:14.2857;W:14.2857;Zr:14.2857,1637.0,1640.275901378841,-3.2759013788408993,3.2759013788408993
1329,Hf1 Nb1 Ta1 Ti1 W1 Zr1,Hf:16.6667;Nb:16.6667;Ta:16.6667;Ti:16.6667;W:16.6667;Zr:16.6667,577.0,743.3644785257263,-166.36447852572633,166.36447852572633
1330,Hf1 Mo1 Nb1 Ta1 Ti1 W1 Zr1,Hf:14.2857;Mo:14.2857;Nb:14.2857;Ta:14.2857;Ti:14.2857;W:14.2857;Zr:14.2857,1065.0,753.9997966575296,311.0002033424704,311.0002033424704
1331,Hf1 Nb1 Ta1 Ti1 W1 Zr1,Hf:16.6667;Nb:16.6667;Ta:16.6667;Ti:16.6667;W:16.6667;Zr:16.6667,409.0,678.1594128310161,-269.1594128310161,269.1594128310161
1332,Hf1 Mo1 Nb1 Ta1 Ti1 W1 Zr1,Hf:14.2857;Mo:14.2857;Nb:14.2857;Ta:14.2857;Ti:14.2857;W:14.2857;Zr:14.2857,736.0,734.860234330052,1.1397656699480194,1.1397656699480194
1333,Hf1 Nb1 Ta1 Ti1 W1 Zr1,Hf:16.6667;Nb:16.6667;Ta:16.6667;Ti:16.6667;W:16.6667;Zr:16.6667,345.0,610.6461650984983,-265.6461650984983,265.6461650984983
1334,Hf1 Mo1 Nb1 Ta1 Ti1 W1 Zr1,Hf:14.2857;Mo:14.2857;Nb:14.2857;Ta:14.2857;Ti:14.2857;W:14.2857;Zr:14.2857,703.0,696.479349316902,6.520650683097983,6.520650683097983
1349,Al0.15 Cr0.5 Cu0.25 Fe0.5 Ni1,Al:6.2500;Cr:20.8333;Cu:10.4167;Fe:20.8333;Ni:41.6667,62.0,601.4796521368658,-539.4796521368658,539.4796521368658
1350,Al0.15 Cr0.5 Cu0.25 Fe0.5 Ni1,Al:6.2500;Cr:20.8333;Cu:10.4167;Fe:20.8333;Ni:41.6667,350.0,601.4796521368658,-251.47965213686575,251.47965213686575
1351,Al0.15 Cr0.5 Cu0.25 Fe0.5 Ni1,Al:6.2500;Cr:20.8333;Cu:10.4167;Fe:20.8333;Ni:41.6667,535.0,701.3921290445913,-166.39212904459134,166.39212904459134
1352,Al0.15 Cr0.5 Cu0.25 Fe0.5 Ni1,Al:6.2500;Cr:20.8333;Cu:10.4167;Fe:20.8333;Ni:41.6667,255.0,701.3921123488803,-446.39211234888035,446.39211234888035
1391,Cr0.5 Fe0.5 Ni1 Ti0.15,Cr:23.2558;Fe:23.2558;Ni:46.5116;Ti:6.9767,672.0,655.1369957924733,16.86300420752673,16.86300420752673
1413,Nb1 Ta1 Ti1 W1,Nb:25.0000;Ta:25.0000;Ti:25.0000;W:25.0000,1054.0,1453.481616039832,-399.48161603983203,399.48161603983203
1414,Nb1 Ta1 Ti1 W1,Nb:25.0000;Ta:25.0000;Ti:25.0000;W:25.0000,968.0,1139.9605402767045,-171.96054027670448,171.96054027670448
1415,Nb1 Ta1 Ti1 W1,Nb:25.0000;Ta:25.0000;Ti:25.0000;W:25.0000,869.0,875.2158588144069,-6.215858814406943,6.215858814406943
1416,Nb1 Ta1 Ti1 W1,Nb:25.0000;Ta:25.0000;Ti:25.0000;W:25.0000,754.0,794.4511626978705,-40.45116269787047,40.45116269787047
1417,Nb1 Ta1 Ti1 W1,Nb:25.0000;Ta:25.0000;Ti:25.0000;W:25.0000,627.0,770.3542973555475,-143.3542973555475,143.3542973555475
1418,Nb1 Ta1 Ti1 W1,Nb:25.0000;Ta:25.0000;Ti:25.0000;W:25.0000,596.0,741.4394964454721,-145.43949644547206,145.43949644547206
1419,Nb1 Ta1 Ti1 W1,Nb:25.0000;Ta:25.0000;Ti:25.0000;W:25.0000,564.0,715.4071766382061,-151.40717663820612,151.40717663820612
1420,Nb1 Ta1 Ti1 W1,Nb:25.0000;Ta:25.0000;Ti:25.0000;W:25.0000,459.0,697.8750105774336,-238.8750105774336,238.8750105774336
1425,Cr1 Mo1 Nb1 Ti1,Cr:25.0000;Mo:25.0000;Nb:25.0000;Ti:25.0000,1630.0,1561.779079679969,68.22092032003093,68.22092032003093
1426,Cr1 Mo1 Nb1 Ti1,Cr:25.0000;Mo:25.0000;Nb:25.0000;Ti:25.0000,1268.0,1338.8092290905008,-70.80922909050082,70.80922909050082
1427,Cr1 Mo1 Nb1 Ti1,Cr:25.0000;Mo:25.0000;Nb:25.0000;Ti:25.0000,1115.0,1003.8182704493781,111.18172955062187,111.18172955062187
1428,Cr1 Mo1 Nb1 Ti1,Cr:25.0000;Mo:25.0000;Nb:25.0000;Ti:25.0000,1062.0,843.1755832505363,218.8244167494637,218.8244167494637
1429,Cr1 Mo1 Nb1 Ti1,Cr:25.0000;Mo:25.0000;Nb:25.0000;Ti:25.0000,1058.0,687.0561231038168,370.94387689618316,370.94387689618316
1441,Hf0.25 Nb0.125 Ti1 V0.5 Zr0.5,Hf:10.5263;Nb:5.2632;Ti:42.1053;V:21.0526;Zr:21.0526,1115.0,1358.0578144104331,-243.05781441043314,243.05781441043314
1449,Cr1 Cu1 Fe1 Mn1 Ni1,Cr:20.0000;Cu:20.0000;Fe:20.0000;Mn:20.0000;Ni:20.0000,1190.0,932.9976190748519,257.00238092514815,257.00238092514815
1450,Cr1 Cu1 Fe1 Mn1 Ni1,Cr:20.0000;Cu:20.0000;Fe:20.0000;Mn:20.0000;Ni:20.0000,1170.0,932.9976357705629,237.00236422943715,237.00236422943715
1452,Cr1 Cu1 Fe1 Mn1 Ni1,Cr:20.0000;Cu:20.0000;Fe:20.0000;Mn:20.0000;Ni:20.0000,1030.0,932.9975522920081,97.0024477079919,97.0024477079919
1453,Cr1 Cu1 Fe1 Mn1 Ni1,Cr:20.0000;Cu:20.0000;Fe:20.0000;Mn:20.0000;Ni:20.0000,970.0,932.9976524662737,37.002347533726265,37.002347533726265
1454,Cr1 Cu1 Fe1 Mn1 Ni1,Cr:20.0000;Cu:20.0000;Fe:20.0000;Mn:20.0000;Ni:20.0000,850.0,932.9976524662737,-82.99765246627373,82.99765246627373
1455,Cr1 Cu1 Fe1 Mn1 Ni1,Cr:20.0000;Cu:20.0000;Fe:20.0000;Mn:20.0000;Ni:20.0000,470.0,932.9976190748519,-462.99761907485185,462.99761907485185
1456,Co0.476 Cr0.476 Fe0.476 Nb0.095 Ni1,Co:18.8664;Cr:18.8664;Fe:18.8664;Nb:3.7654;Ni:39.6354,170.0,635.5211716146484,-465.52117161464844,465.52117161464844
1457,Co0.476 Cr0.476 Fe0.476 Nb0.19 Ni1,Co:18.1818;Cr:18.1818;Fe:18.1818;Nb:7.2574;Ni:38.1971,640.0,635.5212217017812,4.478778298218799,4.478778298218799
1458,Co0.476 Cr0.476 Fe0.476 Nb0.095 Ni1,Co:18.8664;Cr:18.8664;Fe:18.8664;Nb:3.7654;Ni:39.6354,560.0,521.8510949760422,38.14890502395781,38.14890502395781
1484,Cu1,Co:20.0000;Cr:20.0000;Fe:20.0000;Mn:20.0000;Ni:20.0000,353.0,498.7210907761856,-145.72109077618558,145.72109077618558
1494,Mo1 Nb1 Si0.5 Ta1 W1,Mo:22.2222;Nb:22.2222;Si:11.1111;Ta:22.2222;W:22.2222,1883.0,2454.6725795204934,-571.6725795204934,571.6725795204934
1513,Cu1,Co:20.0000;Cr:20.0000;Fe:20.0000;Mn:20.0000;Ni:20.0000,1199.26,498.7210907761856,700.5389092238145,700.5389092238145
1514,Cu1,Co:20.0000;Cr:20.0000;Fe:20.0000;Mn:20.0000;Ni:20.0000,1269.23,498.7210907761856,770.5089092238145,770.5089092238145
1515,Cu1,Co:20.0000;Cr:20.0000;Fe:20.0000;Mn:20.0000;Ni:20.0000,1371.21,498.7210573847637,872.4889426152363,872.4889426152363
1516,Cu1,Co:20.0000;Cr:20.0000;Fe:20.0000;Mn:20.0000;Ni:20.0000,1362.74,498.7210573847637,864.0189426152363,864.0189426152363
1517,Cu1,Co:20.0000;Cr:20.0000;Fe:20.0000;Mn:20.0000;Ni:20.0000,1241.81,498.7210573847637,743.0889426152362,743.0889426152362
1518,Cu1,Co:20.0000;Cr:20.0000;Fe:20.0000;Mn:20.0000;Ni:20.0000,930.3,498.7210573847637,431.57894261523626,431.57894261523626
1519,Cu1,Co:20.0000;Cr:20.0000;Fe:20.0000;Mn:20.0000;Ni:20.0000,729.21,498.7210907761856,230.48890922381446,230.48890922381446
1520,Cu1,Co:20.0000;Cr:20.0000;Fe:20.0000;Mn:20.0000;Ni:20.0000,494.82,498.7210907761856,-3.9010907761855833,3.9010907761855833
1521,Cu1,Co:20.0000;Cr:20.0000;Fe:20.0000;Mn:20.0000;Ni:20.0000,366.88,498.7210907761856,-131.84109077618558,131.84109077618558
1522,Cu1,Co:20.0000;Cr:20.0000;Fe:20.0000;Mn:20.0000;Ni:20.0000,290.65,498.7210573847637,-208.07105738476372,208.07105738476372
1523,Cu1,Co:20.0000;Cr:20.0000;Fe:20.0000;Mn:20.0000;Ni:20.0000,258.76,498.7210907761856,-239.96109077618559,239.96109077618559
1571,Al0.667 Co0.667 Cu0.667 Fe0.667 Ni1,Al:18.1843;Co:18.1843;Cu:18.1843;Fe:18.1843;Ni:27.2628,680.0,832.7703487112323,-152.77034871123226,152.77034871123226
1577,Al0.8 Cr1 Fe1 Mn1 Ni1,Al:16.6667;Cr:20.8333;Fe:20.8333;Mn:20.8333;Ni:20.8333,1200.0,1212.4795962382836,-12.479596238283648,12.479596238283648
1598,Al0.429 Ca0.286 Li1 Mg1 Si0.143,Al:15.0105;Ca:10.0070;Li:34.9895;Mg:34.9895;Si:5.0035,418.0,392.5878587541094,25.41214124589061,25.41214124589061
1599,Al0.312 Ca0.021 Li0.792 Mg1 Si0.021,Al:14.5387;Ca:0.9786;Li:36.9059;Mg:46.5983;Si:0.9786,360.0,392.5878253626875,-32.58782536268751,32.58782536268751
1601,Al0.333 Ca0.011 Li0.867 Mg1 Si0.011,Al:14.9865;Ca:0.4950;Li:39.0189;Mg:45.0045;Si:0.4950,300.0,392.5878587541094,-92.58785875410939,92.58785875410939
1627,Al0.186 Cr0.149 Fe1 Mn0.861 Ni0.28,Al:7.5121;Cr:6.0178;Fe:40.3877;Mn:34.7738;Ni:11.3086,159.0,438.8748474227059,-279.8748474227059,279.8748474227059
1628,Al0.186 Cr0.149 Fe1 Mn0.861 Ni0.28,Al:7.5121;Cr:6.0178;Fe:40.3877;Mn:34.7738;Ni:11.3086,409.0,625.7356985612428,-216.73569856124277,216.73569856124277
1629,Al0.186 Cr0.149 Fe1 Mn0.861 Ni0.28,Al:7.5121;Cr:6.0178;Fe:40.3877;Mn:34.7738;Ni:11.3086,355.0,438.8748474227059,-83.8748474227059,83.8748474227059
1630,Al0.186 Cr0.149 Fe1 Mn0.861 Ni0.28,Al:7.5121;Cr:6.0178;Fe:40.3877;Mn:34.7738;Ni:11.3086,954.0,625.7356985612428,328.26430143875723,328.26430143875723
1644,Co1 Cr1 Cu1 Fe1 Ni1 V0.136,Co:19.4704;Cr:19.4704;Cu:19.4704;Fe:19.4704;Ni:19.4704;V:2.6480,330.0,624.3067627488027,-294.3067627488027,294.3067627488027
1647,Co1 Cr1 Cu1 Ni1 Zn1,Co:20.0000;Cr:20.0000;Cu:20.0000;Ni:20.0000;Zn:20.0000,2121.0,848.5858847294944,1272.4141152705056,1272.4141152705056
1667,Cu1,Co:20.0000;Cr:20.0000;Fe:20.0000;Mn:20.0000;Ni:20.0000,1100.0,1324.6304633553832,-224.6304633553832,224.6304633553832
1709,Al1 Cr1 Fe1 Mo0.5 Ni1 Ti0.5,Al:20.0000;Cr:20.0000;Fe:20.0000;Mo:10.0000;Ni:20.0000;Ti:10.0000,2228.7,1914.5697364540079,314.13026354599197,314.13026354599197
1711,Al1 Cr1 Fe1 Mo0.5 Ni1 Ti0.75,Al:19.0476;Cr:19.0476;Fe:19.0476;Mo:9.5238;Ni:19.0476;Ti:14.2857,618.8,1914.5697364540079,-1295.769736454008,1295.769736454008
1735,Al0.2MoTaTiV,Al:4.7619;Mo:23.8095;Ta:23.8095;Ti:23.8095;V:23.8095,1021.0,1328.3294315061273,-307.3294315061273,307.3294315061273
1743,Al0.4 Hf0.6 Nb1 Ta1 Ti1 Zr1,Al:8.0000;Hf:12.0000;Nb:20.0000;Ta:20.0000;Ti:20.0000;Zr:20.0000,1841.0,1176.4127868489038,664.5872131510962,664.5872131510962
1744,Al0.4 Hf0.6 Nb1 Ta1 Ti1 Zr1,Al:8.0000;Hf:12.0000;Nb:20.0000;Ta:20.0000;Ti:20.0000;Zr:20.0000,298.0,331.74117500953025,-33.74117500953025,33.74117500953025
1745,Al0.4 Hf0.6 Nb1 Ta1 Ti1 Zr1,Al:8.0000;Hf:12.0000;Nb:20.0000;Ta:20.0000;Ti:20.0000;Zr:20.0000,796.0,526.3336930155858,269.6663069844142,269.6663069844142
1746,Al0.4 Hf0.6 Nb1 Ta1 Ti1 Zr1,Al:8.0000;Hf:12.0000;Nb:20.0000;Ta:20.0000;Ti:20.0000;Zr:20.0000,89.0,207.24109155381962,-118.24109155381962,118.24109155381962
1747,Al0.25 Cr0.5 Nb0.5 Ti1 V0.25,Al:10.0000;Cr:20.0000;Nb:20.0000;Ti:40.0000;V:10.0000,1340.0,1352.9872602143369,-12.987260214336857,12.987260214336857
1748,Al0.25 Cr0.5 Nb0.5 Ti1 V0.25,Al:10.0000;Cr:20.0000;Nb:20.0000;Ti:40.0000;V:10.0000,1240.0,1210.706444953341,29.293555046659094,29.293555046659094
1749,Al0.5HfNbTaTiZr,Al:9.0909;Hf:18.1818;Nb:18.1818;Ta:18.1818;Ti:18.1818;Zr:18.1818,1302.0,1176.4128202403258,125.5871797596742,125.5871797596742
1752,Al0.5MoNbTiV,Al:11.1111;Mo:22.2222;Nb:22.2222;Ti:22.2222;V:22.2222,1625.0,1196.535092113882,428.464907886118,428.464907886118
1758,Al0.75 Hf1 Nb1 Ta1 Ti1 Zr1,Al:13.0435;Hf:17.3913;Nb:17.3913;Ta:17.3913;Ti:17.3913;Zr:17.3913,1415.0,1176.41272006606,238.58727993393995,238.58727993393995
1759,Al0.75 Mo1 Nb1 Ti1 V1,Al:15.7895;Mo:21.0526;Nb:21.0526;Ti:21.0526;V:21.0526,1260.0,1196.53505872246,63.46494127753999,63.46494127753999
1786,Al1 Mo0.5 Nb1 Ta0.5 Ti1 Zr1,Al:20.0000;Mo:10.0000;Nb:20.0000;Ta:10.0000;Ti:20.0000;Zr:20.0000,2197.0,1355.360956221883,841.639043778117,841.639043778117
1787,Al1 Mo0.5 Nb1 Ta0.5 Ti1 Zr1,Al:20.0000;Mo:10.0000;Nb:20.0000;Ta:10.0000;Ti:20.0000;Zr:20.0000,2000.0,1355.360956221883,644.639043778117,644.639043778117
1788,Al1 Mo0.5 Nb1 Ta0.5 Ti1 Zr1,Al:20.0000;Mo:10.0000;Nb:20.0000;Ta:10.0000;Ti:20.0000;Zr:20.0000,1597.0,635.0151747031125,961.9848252968875,961.9848252968875
1791,AlMoNbTi,Al:25.0000;Mo:25.0000;Nb:25.0000;Ti:25.0000,200.0,196.5177703296381,3.482229670361903,3.482229670361903
1792,AlMoNbTi,Al:25.0000;Mo:25.0000;Nb:25.0000;Ti:25.0000,540.0,357.00639368182965,182.99360631817035,182.99360631817035
1793,AlMoNbTi,Al:25.0000;Mo:25.0000;Nb:25.0000;Ti:25.0000,500.0,751.9435028107123,-251.9435028107123,251.9435028107123
1794,AlMoNbTi,Al:25.0000;Mo:25.0000;Nb:25.0000;Ti:25.0000,520.0,972.2743792414683,-452.2743792414683,452.2743792414683
1795,Al1 Mo1 Nb1 Ti1 V1,Al:20.0000;Mo:20.0000;Nb:20.0000;Ti:20.0000;V:20.0000,1375.0,1196.535092113882,178.464907886118,178.464907886118
1803,AlNbTiV,Al:25.0000;Nb:25.0000;Ti:25.0000;V:25.0000,1000.0,1241.1088670998195,-241.10886709981946,241.10886709981946
1804,AlNbTiV,Al:25.0000;Nb:25.0000;Ti:25.0000;V:25.0000,110.0,351.96141731489723,-241.96141731489723,241.96141731489723
1805,AlNbTiV,Al:25.0000;Nb:25.0000;Ti:25.0000;V:25.0000,560.0,825.5225151989733,-265.52251519897334,265.52251519897334
1806,AlNbTiV,Al:25.0000;Nb:25.0000;Ti:25.0000;V:25.0000,780.0,1025.1633028009448,-245.16330280094485,245.16330280094485
1807,AlNbTiV,Al:25.0000;Nb:25.0000;Ti:25.0000;V:25.0000,1020.0,1241.1088670998195,-221.10886709981946,221.10886709981946
1808,AlNbTiV,Al:25.0000;Nb:25.0000;Ti:25.0000;V:25.0000,158.0,351.96141731489723,-193.96141731489723,193.96141731489723
1809,AlNbTiV,Al:25.0000;Nb:25.0000;Ti:25.0000;V:25.0000,685.0,825.5225277207564,-140.52252772075644,140.52252772075644
1810,AlNbTiV,Al:25.0000;Nb:25.0000;Ti:25.0000;V:25.0000,810.0,1025.1633194966557,-215.16331949665573,215.16331949665573
1811,AlNbTiV,Al:25.0000;Nb:25.0000;Ti:25.0000;V:25.0000,1000.0,1347.5051233520844,-347.5051233520844,347.5051233520844
1827,Co0.3Hf0.5Mo0.5NbTiZr,Co:6.9767;Hf:11.6279;Mo:11.6279;Nb:23.2558;Ti:23.2558;Zr:23.2558,1201.0,1322.6992036878146,-121.69920368781459,121.69920368781459
1830,Co1 Cr1 Mo1 Nb1 Ti0.2,Co:23.8095;Cr:23.8095;Mo:23.8095;Nb:23.8095;Ti:4.7619,1905.6,1528.7643798165755,376.83562018342445,376.83562018342445
1831,CoCrMoNbTi0.4,Co:22.7273;Cr:22.7273;Mo:22.7273;Nb:22.7273;Ti:9.0909,1771.3,1533.7487173613645,237.55128263863548,237.55128263863548
1838,CrMo0.5NbTa0.5TiZr,Cr:20.0000;Mo:10.0000;Nb:20.0000;Ta:10.0000;Ti:20.0000;Zr:20.0000,1595.0,1624.1575949035273,-29.157594903527297,29.157594903527297
1839,CrMo0.5NbTa0.5TiZr,Cr:20.0000;Mo:10.0000;Nb:20.0000;Ta:10.0000;Ti:20.0000;Zr:20.0000,983.0,744.2296836581911,238.7703163418089,238.7703163418089
1888,HfMo0.5NbSi0.5TiV0.5,Hf:22.2222;Mo:11.1111;Nb:22.2222;Si:11.1111;Ti:22.2222;V:11.1111,1787.0,1397.984872518262,389.0151274817381,389.0151274817381
1959,Mo0.1 Nb1 Ti1 V0.3 Zr1,Mo:2.9412;Nb:29.4118;Ti:29.4118;V:8.8235;Zr:29.4118,932.0,1541.6268223095603,-609.6268223095603,609.6268223095603
1975,Mo1 Nb1 Ta1 Ti1 V1 W1,Mo:16.6667;Nb:16.6667;Ta:16.6667;Ti:16.6667;V:16.6667;W:16.6667,1515.0,1560.7685216880384,-45.76852168803839,45.76852168803839
1976,Mo1 Nb1 Ta1 Ti1 V1 W1,Mo:16.6667;Nb:16.6667;Ta:16.6667;Ti:16.6667;V:16.6667;W:16.6667,659.0,693.5070786806434,-34.50707868064342,34.50707868064342
1977,Mo1 Nb1 Ta1 Ti1 V1 W1,Mo:16.6667;Nb:16.6667;Ta:16.6667;Ti:16.6667;V:16.6667;W:16.6667,752.8,724.5600992911313,28.239900708868618,28.239900708868618
1978,Mo1 Nb1 Ta1 Ti1 V1 W1,Mo:16.6667;Nb:16.6667;Ta:16.6667;Ti:16.6667;V:16.6667;W:16.6667,791.3,749.1480230576244,42.15197694237554,42.15197694237554
1979,Mo1 Nb1 Ta1 Ti1 V1 W1,Mo:16.6667;Nb:16.6667;Ta:16.6667;Ti:16.6667;V:16.6667;W:16.6667,973.0,757.6255374200796,215.37446257992042,215.37446257992042
1986,Mo1 Nb1 Ta1 Ti1 Zr1,Mo:20.0000;Nb:20.0000;Ta:20.0000;Ti:20.0000;Zr:20.0000,1390.0,1405.794625225859,-15.794625225858908,15.794625225858908
1987,Mo1 Nb1 Ta1 Ti1 Zr1,Mo:20.0000;Nb:20.0000;Ta:20.0000;Ti:20.0000;Zr:20.0000,1375.0,1405.7945918344371,-30.794591834437142,30.794591834437142
1988,Mo1 Nb1 Ta1 Ti1 Zr1,Mo:20.0000;Nb:20.0000;Ta:20.0000;Ti:20.0000;Zr:20.0000,1100.0,1405.794625225859,-305.7946252258589,305.7946252258589
2011,MoNbTiV1.5Zr,Mo:18.1818;Nb:18.1818;Ti:18.1818;V:27.2727;Zr:18.1818,1720.0,1541.6268223095603,178.37317769043966,178.37317769043966
2020,Nb1 Ta1 Ti1 V1 W1,Nb:20.0000;Ta:20.0000;Ti:20.0000;V:20.0000;W:20.0000,1420.0,1547.826273696748,-127.8262736967481,127.8262736967481
2022,Nb1 Ti1 V0.3 Zr1,Nb:30.3030;Ti:30.3030;V:9.0909;Zr:30.3030,866.0,1226.8764747411544,-360.8764747411544,360.8764747411544
2034,Alloy P2,Al:4.0000;Co:23.5000;Cr:23.5000;Fe:23.5000;Ni:23.5000;Ti:2.0000,645.0,633.1813178131828,11.818682186817227,11.818682186817227
2035,Alloy P2,Al:4.0000;Co:23.5000;Cr:23.5000;Fe:23.5000;Ni:23.5000;Ti:2.0000,1005.0,927.5699519695497,77.43004803045028,77.43004803045028
2045,SA750 condition,Al:3.6000;Co:27.3000;Cr:18.2000;Fe:18.2000;Ni:27.3000;Ti:5.4000,373.0,844.5570114174894,-471.55701141748943,471.55701141748943
2046,SA750 condition,Al:3.6000;Co:27.3000;Cr:18.2000;Fe:18.2000;Ni:27.3000;Ti:5.4000,796.0,844.5570072435617,-48.55700724356166,48.55700724356166
2047,SA750 condition,Al:3.6000;Co:27.3000;Cr:18.2000;Fe:18.2000;Ni:27.3000;Ti:5.4000,1142.0,844.5570406349835,297.44295936501646,297.44295936501646
2048,SA750 condition,Al:3.6000;Co:27.3000;Cr:18.2000;Fe:18.2000;Ni:27.3000;Ti:5.4000,1396.0,861.9749704675595,534.0250295324405,534.0250295324405
2051,Al0.5Co1.5CrFeNi1.5 - Single–phase FCC Condition,Al:9.1000;Co:27.2700;Cr:18.1800;Fe:18.1800;Ni:27.2700,180.0,664.4883803613725,-484.4883803613725,484.4883803613725
2052,Al0.5Co1.5CrFeNi1.5 - Single–phase FCC Condition,Al:9.1000;Co:27.2700;Cr:18.1800;Fe:18.1800;Ni:27.2700,360.0,664.4883803613725,-304.4883803613725,304.4883803613725
2053,Al0.5Co1.5CrFeNi1.5 - Single–phase FCC Condition,Al:9.1000;Co:27.2700;Cr:18.1800;Fe:18.1800;Ni:27.2700,790.0,664.4883803613725,125.51161963862751,125.51161963862751
2100,Material 1 - Base Ni–Si5–HEA FSP,Cr:14.8000;Fe:42.8000;Mn:28.3000;Ni:9.6000;Si:4.5000,288.0,917.4308762801641,-629.4308762801641,629.4308762801641
2101,Material 1 - Base Ni–Si5–HEA FSP,Cr:14.8000;Fe:42.8000;Mn:28.3000;Ni:9.6000;Si:4.5000,451.0,917.4308679323086,-466.4308679323086,466.4308679323086
2103,Ni2CoCrFeNb0.15_120h_Aged,Co:19.4194;Cr:19.4194;Fe:19.4194;Nb:2.9029;Ni:38.8388,284.0,814.6638251504696,-530.6638251504696,530.6638251504696
2104,Ni2CoCrFeNb0.15_120h_Aged,Co:19.4194;Cr:19.4194;Fe:19.4194;Nb:2.9029;Ni:38.8388,954.0,814.6638251504696,139.33617484953038,139.33617484953038
2110,Al3Ti3 MEA (Precipitation Hardened),Al:3.0030;Co:31.3313;Cr:31.3313;Ni:31.3313;Ti:3.0030,334.0,814.5282643254716,-480.5282643254716,480.5282643254716
2111,Al3Ti3 MEA (Precipitation Hardened),Al:3.0030;Co:31.3313;Cr:31.3313;Ni:31.3313;Ti:3.0030,750.0,665.1315826254342,84.86841737456575,84.86841737456575
2119,Base Alloy MEA,Co:25.0000;Cr:25.0000;Ni:50.0000,180.0,505.07624636362374,-325.07624636362374,325.07624636362374
2120,Novel Non‐Equiatomic (Al4Ti4) MEA,Al:4.0000;Co:23.0000;Cr:23.0000;Ni:46.0000;Ti:4.0000,920.0,870.5221059446452,49.477894055354795,49.477894055354795
2127,Co1 Cr1 Fe1 Ni1 Ti0.2,Co:23.8000;Cr:23.8000;Fe:23.8000;Ni:23.8000;Ti:4.8000,700.0,1023.6008513880971,-323.6008513880971,323.6008513880971
2129,Cu1,Co:20.0000;Cr:20.0000;Fe:20.0000;Mn:20.0000;Ni:20.0000,500.0,525.2762534673284,-25.276253467328388,25.276253467328388
2133,(FeCoNi)94Ti6 MEA - Ti6eHeF-200A,Co:31.3313;Fe:31.3313;Ni:31.3313;Ti:6.0060,290.0,586.0081708948885,-296.0081708948885,296.0081708948885
2134,(FeCoNi)94Ti6 MEA - Ti6eHeF-200A,Co:31.3313;Fe:31.3313;Ni:31.3313;Ti:6.0060,435.0,586.0081708948885,-151.0081708948885,151.0081708948885
2135,(FeCoNi)94Ti6 MEA - Ti6eHeF-200A,Co:31.3313;Fe:31.3313;Ni:31.3313;Ti:6.0060,436.0,586.0081708948885,-150.0081708948885,150.0081708948885
2136,(FeCoNi)94Ti6 MEA - Ti6eHeF-200A,Co:31.3313;Fe:31.3313;Ni:31.3313;Ti:6.0060,756.0,586.0081708948885,169.9918291051115,169.9918291051115
2137,(FeCoNi)94Ti6 MEA - Ti6eHeF-200A,Co:31.3313;Fe:31.3313;Ni:31.3313;Ti:6.0060,697.0,586.0081708948885,110.99182910511149,110.99182910511149
2138,(FeCoNi)94Ti6 MEA - Ti6eHeF-200A,Co:31.3313;Fe:31.3313;Ni:31.3313;Ti:6.0060,751.0,586.0081708948885,164.9918291051115,164.9918291051115
2139,(FeCoNi)94Ti6 MEA - Ti6eHeF-200A,Co:31.3313;Fe:31.3313;Ni:31.3313;Ti:6.0060,753.0,586.0081708948885,166.9918291051115,166.9918291051115
2140,(FeCoNi)94Ti6 MEA - Ti6eHeF-200A,Co:31.3313;Fe:31.3313;Ni:31.3313;Ti:6.0060,801.0,586.0081708948885,214.9918291051115,214.9918291051115
2141,(FeCoNi)94Ti6 MEA - Ti6eHeF-200A,Co:31.3313;Fe:31.3313;Ni:31.3313;Ti:6.0060,895.0,586.0081708948885,308.9918291051115,308.9918291051115
2142,(FeCoNi)94Ti6 MEA - Ti6eHeF-200A,Co:31.3313;Fe:31.3313;Ni:31.3313;Ti:6.0060,893.0,586.0081708948885,306.9918291051115,306.9918291051115
2143,(FeCoNi)94Ti6 MEA - Ti6eHeF-200A,Co:31.3313;Fe:31.3313;Ni:31.3313;Ti:6.0060,290.0,586.0081708948885,-296.0081708948885,296.0081708948885
2150,JC2-FC,Al:3.3103;Co:27.2727;Cr:18.1818;Fe:18.1818;Ni:27.2727;Ti:5.7806,755.0,844.5570239392727,-89.55702393927265,89.55702393927265
2151,JC2-FC,Al:3.3103;Co:27.2727;Cr:18.1818;Fe:18.1818;Ni:27.2727;Ti:5.7806,952.0,774.8788684124006,177.1211315875994,177.1211315875994
2170,AlCoCrFeNi2.1,Al:16.4000;Co:16.4000;Cr:16.4000;Fe:16.4000;Ni:34.4000,646.4,664.4883636656616,-18.088363665661632,18.088363665661632
2171,AlCoCrFeNi2.1,Al:16.4000;Co:16.4000;Cr:16.4000;Fe:16.4000;Ni:34.4000,732.3,664.4883469699506,67.81165303004934,67.81165303004934
2172,AlCoCrFeNi2.1,Al:16.4000;Co:16.4000;Cr:16.4000;Fe:16.4000;Ni:34.4000,1008.8,664.4883636656616,344.31163633433835,344.31163633433835
2296,Ti45V45Cr5Al5 MPEA (as-cast),Al:4.9700;Cr:4.8400;Ti:44.8700;V:45.3200,828.7,936.332687509892,-107.63268750989198,107.63268750989198
2304,RA-1.0V,Al:9.9958;Nb:9.9958;Ti:60.0028;V:20.0056,911.0,734.9926981006702,176.00730189932983,176.00730189932983
2314,Fe2.5Ni2.5CrAl MPEA (as‐cast),Al:14.3000;Cr:14.3000;Fe:35.7000;Ni:35.7000,596.3,708.6096181022123,-112.30961810221231,112.30961810221231
2319,Alloy P2,Al:4.0000;Co:23.5000;Cr:23.5000;Fe:23.5000;Ni:23.5000;Ti:2.0000,210.0,751.2607651031385,-541.2607651031385,541.2607651031385
2334,Al0.43 Co1 Cr1 Fe1 Mn1 Ni1,Al:8.0000;Co:18.4000;Cr:18.4000;Fe:18.4000;Mn:18.4000;Ni:18.4000,285.0,604.2470330084374,-319.24703300843737,319.24703300843737
2338,CoCrFeNiMnAl0.3,Al:5.6886;Co:18.8623;Cr:18.8623;Fe:18.8623;Mn:18.8623;Ni:18.8623,245.0,604.2469996170155,-359.2469996170155,359.2469996170155
2340,Co0.5CrFeNiMnAl0.3,Al:6.2124;Co:10.4208;Cr:20.8417;Fe:20.8417;Mn:20.8417;Ni:20.8417,471.0,604.2470330084374,-133.24703300843737,133.24703300843737
2343,Al0.5 Co1 Cr1 Cu1 Fe1 Ni1,Al:9.0000;Co:18.2000;Cr:18.2000;Cu:18.2000;Fe:18.2000;Ni:18.2000,1284.0,581.0672755899719,702.9327244100281,702.9327244100281
2344,AlCoCrFeMoNiTi,Al:13.8000;Co:2.0000;Cr:18.2000;Fe:27.0000;Mo:2.0000;Ni:35.0000;Ti:2.0000,1056.0,714.1931981041514,341.8068018958486,341.8068018958486
2356,Co1 Cr1 Fe1 Mo0.208 Ni1,Co:23.8000;Cr:23.8000;Fe:23.8000;Mo:4.8000;Ni:23.8000,254.7,581.9739194769961,-327.2739194769961,327.2739194769961
2360,Co1 Cr1 Fe1 Mo0.208 Ni1,Co:23.8000;Cr:23.8000;Fe:23.8000;Mo:4.8000;Ni:23.8000,400.0,581.9739194769961,-181.97391947699612,181.97391947699612
2361,CoCrFeNiMo0.4,Co:22.7227;Cr:22.7227;Fe:22.7227;Mo:9.1091;Ni:22.7227,420.0,581.9739194769961,-161.97391947699612,161.97391947699612
2376,Co1 Cr1 Fe1 Nb0.412 Ni1,Co:22.7000;Cr:22.7000;Fe:22.7000;Nb:9.3000;Ni:22.6000,638.0,586.0921837123515,51.90781628764853,51.90781628764853
2379,Co0.2273Cr0.2273Fe0.2273Nb0.098Ni0.2273,Co:22.7900;Cr:16.9400;Fe:16.2000;Nb:21.5900;Ni:22.4800,618.0,586.0922171037732,31.907782896226763,31.907782896226763
2385,Cu1,Co:20.0000;Cr:20.0000;Fe:20.0000;Mn:20.0000;Ni:20.0000,588.0,484.964325830852,103.03567416914802,103.03567416914802
2386,Cu1,Co:20.0000;Cr:20.0000;Fe:20.0000;Mn:20.0000;Ni:20.0000,370.0,484.964325830852,-114.96432583085198,114.96432583085198
2387,Cu1,Co:20.0000;Cr:20.0000;Fe:20.0000;Mn:20.0000;Ni:20.0000,378.7,484.964325830852,-106.26432583085199,106.26432583085199
2388,Cu1,Co:20.0000;Cr:20.0000;Fe:20.0000;Mn:20.0000;Ni:20.0000,353.0,484.964325830852,-131.96432583085198,131.96432583085198
2389,Cu1,Co:20.0000;Cr:20.0000;Fe:20.0000;Mn:20.0000;Ni:20.0000,208.0,484.964325830852,-276.964325830852,276.964325830852
2390,Co1 Cr1 Fe1 Mn1 Ni1,Co:19.3000;Cr:21.3000;Fe:19.4000;Mn:20.7000;Ni:19.3000,208.0,484.96435922227386,-276.96435922227386,276.96435922227386
2391,Cu1,Co:20.0000;Cr:20.0000;Fe:20.0000;Mn:20.0000;Ni:20.0000,290.0,484.964325830852,-194.96432583085198,194.96432583085198
2392,Cu1,Co:20.0000;Cr:20.0000;Fe:20.0000;Mn:20.0000;Ni:20.0000,215.0,484.964325830852,-269.964325830852,269.964325830852
2393,Cu1,Co:20.0000;Cr:20.0000;Fe:20.0000;Mn:20.0000;Ni:20.0000,162.0,484.964325830852,-322.964325830852,322.964325830852
2395,Cu1,Co:20.0000;Cr:20.0000;Fe:20.0000;Mn:20.0000;Ni:20.0000,230.0,484.964325830852,-254.96432583085198,254.96432583085198
2397,Co90.0Cr90.0Fe90.0Mn90.0Ni10.0,Co:24.3243;Cr:24.3243;Fe:24.3243;Mn:24.3243;Ni:2.7027,246.0,484.964325830852,-238.96432583085198,238.96432583085198
2400,Co1 Cr1 Fe1 Mn1 Ni1 V0.25,Co:19.3000;Cr:20.0000;Fe:19.6000;Mn:17.0000;Ni:19.5000;V:4.6000,200.0,649.4656965252419,-449.4656965252419,449.4656965252419
2403,Co1 Cr1 Fe1 Mn1 Ni1 V1,Co:16.2000;Cr:17.0000;Fe:17.2000;Mn:16.1000;Ni:16.5000;V:17.0000,1700.0,649.4657299166638,1050.5342700833362,1050.5342700833362
2408,CoCrFeNi,Co:25.2325;Cr:20.2320;Fe:30.2130;Ni:24.3224,147.0,456.9354327348102,-309.9354327348102,309.9354327348102
2418,Co1 Cr1 Mn1 Ni1,Co:25.0000;Cr:25.0000;Mn:25.0000;Ni:25.0000,282.0,476.88660696262707,-194.88660696262707,194.88660696262707
2424,Co1 Cr1 Fe1 Ni1 Ti0.2,Co:23.8000;Cr:23.8000;Fe:23.8000;Ni:23.8000;Ti:4.8000,700.0,715.4505520952349,-15.450552095234912,15.450552095234912
2425,Co1 Cr1 Fe1 Ni1 Ti0.2,Co:23.8000;Cr:23.8000;Fe:23.8000;Ni:23.8000;Ti:4.8000,860.0,812.6147772422013,47.385222757798715,47.385222757798715
2427,Co0.5 Cr1 Fe1 Ni1.5 Ti0.3,Co:11.6000;Cr:23.3000;Fe:23.3000;Ni:34.8000;Ti:7.0000,586.0,715.4505520952349,-129.4505520952349,129.4505520952349
2428,Co1 Cr1 Fe1 Ni1 Ti0.2,Co:23.8000;Cr:23.8000;Fe:23.8000;Ni:23.8000;Ti:4.8000,700.0,715.4505353995239,-15.450535399523915,15.450535399523915
2429,Cr1 Cu1 Fe1 Mn1 Ni1,Cr:20.0000;Cu:20.0000;Fe:20.0000;Mn:20.0000;Ni:20.0000,628.0,496.30452018293886,131.69547981706114,131.69547981706114
2434,Cr1 Cu1 Fe1 Mn1 Ni1,Cr:20.0000;Cu:20.0000;Fe:20.0000;Mn:20.0000;Ni:20.0000,545.0,496.30452018293886,48.69547981706114,48.69547981706114
2446,Al0.6CoCr0.333Fe0.333Mo0.067Ni,Al:18.0000;Co:30.0000;Cr:10.0000;Fe:10.0000;Mo:2.0000;Ni:30.0000,1250.8,596.5424966712003,654.2575033287997,654.2575033287997
2455,Al0.3Co0.5CrFeNi,Al:9.4000;Co:24.3000;Cr:13.5000;Fe:24.3000;Ni:28.5000,233.0,608.7408338700234,-375.7408338700234,375.7408338700234
2468,CoCrFeAlNi2.0,Al:16.6833;Co:16.6833;Cr:16.6833;Fe:16.6833;Ni:33.2667,680.0,608.7408338700234,71.25916612997662,71.25916612997662
2475,AlCoCrFeNi2.1,Al:16.4000;Co:16.4000;Cr:16.4000;Fe:16.4000;Ni:34.4000,578.0,608.7408338700234,-30.74083387002338,30.74083387002338
2476,AlCoCrFeNi2.1,Al:16.4000;Co:16.4000;Cr:16.4000;Fe:16.4000;Ni:34.4000,595.0,607.4477677532338,-12.447767753233848,12.447767753233848
2477,AlCoCrFeNi2.1,Al:16.4000;Co:16.4000;Cr:16.4000;Fe:16.4000;Ni:34.4000,690.0,672.7947803823776,17.205219617622447,17.205219617622447
2478,AlCoCrFeNi2.1,Al:16.4000;Co:16.4000;Cr:16.4000;Fe:16.4000;Ni:34.4000,1263.0,608.7408338700234,654.2591661299766,654.2591661299766
2479,AlCoCrFeNi2.1,Al:16.4000;Co:16.4000;Cr:16.4000;Fe:16.4000;Ni:34.4000,1154.0,608.7408338700234,545.2591661299766,545.2591661299766
2480,AlCoCrFeNi2.1,Al:16.4000;Co:16.4000;Cr:16.4000;Fe:16.4000;Ni:34.4000,1490.0,608.7408338700234,881.2591661299766,881.2591661299766
2481,Al0.511 Co0.511 Cr0.511 Fe0.511 Ni1,Al:16.1000;Co:16.1000;Cr:16.1000;Fe:16.1000;Ni:35.6000,545.0,608.7408338700234,-63.74083387002338,63.74083387002338
2482,Al0.511 Co0.511 Cr0.511 Fe0.511 Ni1,Al:16.1000;Co:16.1000;Cr:16.1000;Fe:16.1000;Ni:35.6000,570.0,607.4477677532338,-37.44776775323385,37.44776775323385
2483,Al0.511 Co0.511 Cr0.511 Fe0.511 Ni1,Al:16.1000;Co:16.1000;Cr:16.1000;Fe:16.1000;Ni:35.6000,705.0,672.7947803823776,32.20521961762245,32.20521961762245
2486,Al0.343 Co0.514 Cr0.514 Fe1 Ni0.514,Al:12.3000;Co:17.6000;Cr:17.6000;Fe:35.0000;Ni:17.5000,866.0,608.7408338700234,257.2591661299766,257.2591661299766
2487,Al0.343 Co0.514 Cr0.514 Fe1 Ni0.514,Al:12.3000;Co:17.6000;Cr:17.6000;Fe:35.0000;Ni:17.5000,400.0,483.68777177218453,-83.68777177218453,83.68777177218453
2488,Al0.343 Co0.514 Cr0.514 Fe1 Ni0.514,Al:12.3000;Co:17.6000;Cr:17.6000;Fe:35.0000;Ni:17.5000,220.0,469.8638900688619,-249.8638900688619,249.8638900688619
2489,Al0.304 Co1 Cr1 Fe1 Ni1,Al:6.6000;Co:22.7000;Cr:24.4000;Fe:23.0000;Ni:23.3000,305.0,608.7408171743125,-303.7408171743125,303.7408171743125
2490,Al0.304 Co1 Cr1 Fe1 Ni1,Al:6.6000;Co:22.7000;Cr:24.4000;Fe:23.0000;Ni:23.3000,280.0,608.7408338700234,-328.7408338700234,328.7408338700234
2491,AlCoCrFeNi2.1,Al:16.4000;Co:16.4000;Cr:16.4000;Fe:16.4000;Ni:34.4000,412.0,608.7408338700234,-196.74083387002338,196.74083387002338
2492,AlCoCrFeNi2.1,Al:16.4000;Co:16.4000;Cr:16.4000;Fe:16.4000;Ni:34.4000,1263.0,608.7408338700234,654.2591661299766,654.2591661299766
2493,AlCoCrFeNi2.1,Al:16.4000;Co:16.4000;Cr:16.4000;Fe:16.4000;Ni:34.4000,421.0,608.7408338700234,-187.74083387002338,187.74083387002338
2494,AlCoCrFeNi2.1,Al:16.4000;Co:16.4000;Cr:16.4000;Fe:16.4000;Ni:34.4000,409.0,608.7408338700234,-199.74083387002338,199.74083387002338
2495,AlCoCrFeNi2.1,Al:16.4000;Co:16.4000;Cr:16.4000;Fe:16.4000;Ni:34.4000,423.0,608.7408338700234,-185.74083387002338,185.74083387002338
2496,AlCoCrFeNi2.1,Al:16.4000;Co:16.4000;Cr:16.4000;Fe:16.4000;Ni:34.4000,445.0,608.7408338700234,-163.74083387002338,163.74083387002338
2497,AlCoCrFeNi2.1,Al:16.4000;Co:16.4000;Cr:16.4000;Fe:16.4000;Ni:34.4000,461.0,608.7408338700234,-147.74083387002338,147.74083387002338
2498,AlCoCrFeNi2.1,Al:16.4000;Co:16.4000;Cr:16.4000;Fe:16.4000;Ni:34.4000,418.0,608.7408338700234,-190.74083387002338,190.74083387002338
2499,AlCoCrFeNi2.1,Al:16.4000;Co:16.4000;Cr:16.4000;Fe:16.4000;Ni:34.4000,455.0,608.7408338700234,-153.74083387002338,153.74083387002338
2500,AlCoCrFeNi2.1,Al:16.4000;Co:16.4000;Cr:16.4000;Fe:16.4000;Ni:34.4000,431.0,608.7408338700234,-177.74083387002338,177.74083387002338
2501,AlCoCrFeNi2.1,Al:16.4000;Co:16.4000;Cr:16.4000;Fe:16.4000;Ni:34.4000,440.0,608.7408171743125,-168.7408171743125,168.7408171743125
2502,Al0.7Co0.3CrFeNi,Al:17.5000;Co:7.5000;Cr:25.0000;Fe:25.0000;Ni:25.0000,2033.0,608.7408338700234,1424.2591661299766,1424.2591661299766
2506,AlCoCrFeNiV,Al:2.3000;Co:23.3000;Cr:23.3000;Fe:23.3000;Ni:23.3000;Ti:4.5000,140.3,751.2607984945604,-610.9607984945603,610.9607984945603
2517,Al0.6CoCr0.333Fe0.333Mo0.067Ni,Al:18.0000;Co:30.0000;Cr:10.0000;Fe:10.0000;Mo:2.0000;Ni:30.0000,1250.8,596.5425634540441,654.2574365459559,654.2574365459559
2520,CoCrCuFeNiTi0.8,Co:17.2345;Cr:17.2345;Cu:17.2345;Fe:17.2345;Ni:17.2345;Ti:13.8277,1042.0,502.3343431469505,539.6656568530495,539.6656568530495
2523,CoCrCuFeNiV0.136,Co:19.4805;Cr:19.4805;Cu:19.4805;Fe:19.4805;Ni:19.4805;V:2.5974,330.0,483.42845398982485,-153.42845398982485,153.42845398982485
2614,AAA02,Co:30.0000;Cr:10.0000;Fe:5.0000;Ni:45.0000;V:10.0000,537.0,485.07986015057446,51.92013984942554,51.92013984942554
2620,AAA08,Co:10.0000;Cr:10.0000;Fe:25.0000;Ni:50.0000;V:5.0000,447.0,485.07986015057446,-38.07986015057446,38.07986015057446
2621,AAA09,Al:5.0000;Cr:5.0000;Fe:25.0000;Ni:60.0000;V:5.0000,331.0,537.3251807489266,-206.32518074892664,206.32518074892664
2622,AAA10,Co:5.0000;Cr:15.0000;Fe:5.0000;Ni:70.0000;V:5.0000,376.0,485.07989354199634,-109.07989354199634,109.07989354199634
2624,AAA12,Al:5.0000;Co:15.0000;Cr:5.0000;Fe:5.0000;Ni:65.0000;V:5.0000,391.0,498.4000990376041,-107.4000990376041,107.4000990376041
2636,AAB10,Al:5.0000;Co:20.0000;Cr:5.0000;Fe:25.0000;Ni:45.0000,313.0,446.2660052655512,-133.2660052655512,133.2660052655512
2643,AAC02,Co:10.0000;Cr:5.0000;Fe:35.0000;Ni:35.0000;V:15.0000,391.0,485.07986015057446,-94.07986015057446,94.07986015057446
2647,AAC06,Co:25.0000;Cr:20.0000;Fe:10.0000;Ni:35.0000;V:10.0000,460.0,485.07986015057446,-25.07986015057446,25.07986015057446
2653,AAC13,Co:15.0000;Cr:20.0000;Fe:5.0000;Ni:45.0000;V:15.0000,551.0,485.07986015057446,65.92013984942554,65.92013984942554
2664,AAD08,Co:25.0000;Cr:25.0000;Fe:15.0000;Ni:25.0000;V:10.0000,491.0,485.07986015057446,5.920139849425539,5.920139849425539
2666,AAD10,Co:5.0000;Cr:5.0000;Fe:30.0000;Ni:55.0000;V:5.0000,308.0,485.07989354199634,-177.07989354199634,177.07989354199634
2671,AAE01,Cr:20.0000;Fe:55.0000;Ni:25.0000,318.0,438.6609753655318,-120.66097536553178,120.66097536553178
2684,AAE14,Co:20.0000;Cr:20.0000;Fe:15.0000;Ni:30.0000;V:15.0000,470.0,485.07986015057446,-15.079860150574461,15.079860150574461
2702,BBA16,Al:4.0000;Co:12.0000;Cu:12.0000;Fe:20.0000;Mn:8.0000;Ni:44.0000,212.6,398.70306358388126,-186.10306358388127,186.10306358388127
2718,BBA16,Al:4.0000;Co:12.0000;Cu:12.0000;Fe:20.0000;Mn:8.0000;Ni:44.0000,351.531,398.70306358388126,-47.172063583881254,47.172063583881254
2729,BBB08,Al:4.0000;Co:8.0000;Cr:12.0000;Cu:4.0000;Fe:4.0000;Mn:24.0000;Ni:40.0000;V:4.0000,282.0,429.4280468657699,-147.4280468657699,147.4280468657699
2735,BBB14,Al:4.0000;Cr:12.0000;Cu:16.0000;Fe:4.0000;Mn:12.0000;Ni:52.0000,270.0,434.4220011400619,-164.42200114006192,164.42200114006192
2736,BBB15,Al:4.0000;Cr:8.0000;Cu:24.0000;Fe:4.0000;Mn:16.0000;Ni:44.0000,261.0,434.4220011400619,-173.42200114006192,173.42200114006192
2738,BBC01,Al:4.0000;Co:12.0000;Cr:4.0000;Cu:8.0000;Fe:4.0000;Mn:32.0000;Ni:20.0000;V:16.0000,255.0,429.4280468657699,-174.4280468657699,174.4280468657699
2748,BBC15,Al:4.0000;Co:16.0000;Fe:20.0000;Mn:44.0000;Ni:4.0000;V:12.0000,219.0,449.18608510940334,-230.18608510940334,230.18608510940334
