Original_Feature,Mean_Abs_SHAP,Transformed_Components
Test_Temperature_C,189.63480210320418,2
Processing_Method,36.475415805603866,62
PHASE_TEST_COMPRESSION__X__MI_atomic_size_mismatch,34.45396825017864,1
PHASE_BCC_IND__X__MI_atomic_size_mismatch,22.147599929728905,1
MI_pair_radius_interaction,20.102122259048635,1
PHASE_TEST_COMPRESSION__X__MI_pair_electronegativity_interaction,18.08377758208938,1
PHASE_BCC_IND__X__MI_pair_electronegativity_interaction,18.070968238928625,1
ACF_late_transition_fraction,17.600070572333664,1
Phase,16.3475295218346,106
ACF_small_radius_fraction,15.421194700081411,1
MI_radius_std,14.241454506079497,1
PHASE_TEST_COMPRESSION__X__ACF_atomic_mass_q50,13.512873676357383,1
ACF_atomic_radius_std,12.970059572797537,1
ACF_large_radius_fraction,12.326218262896735,1
Grain_Size_um,12.195728109968336,2
Precipitate_Info,9.769147060995504,62
PHASE_TEST_COMPRESSION__X__ACF_atomic_mass_q75,8.841388123786228,1
ACF_refractory_x_radius_std,7.429600842492444,1
PHASE_TEST_COMPRESSION__X__Density_Exp_g_cm3,7.4290172207071254,1
ACF_entropy_x_radius_std,7.410516841075885,1
Mo,6.535260631953687,1
ACF_atomic_radius_var,6.194447032054723,1
MI_atomic_size_mismatch,5.749200171841979,1
PHASE_BCC_IND__X__ACF_atomic_mass_q50,5.538609126564891,1
ACF_electronegativity_max,5.405721229218634,1
ACF_top3_fraction,5.26459921700484,1
ACF_early_transition_fraction,5.189815884456911,1
MI_top3_fraction,4.873498856861269,1
PHASE_TEST_COMPRESSION__X__MI_weighted_atomic_mass,4.547516076795482,1
ACF_VEC_mean,4.373812823569084,1
PHASE_TEST_COMPRESSION__X__ACF_atomic_mass_mean,4.370898451759314,1
MI_n_elements,4.139180589367704,1
ACF_effective_component_number,3.7942486502605703,1
PHASE_BCC_IND__X__ACF_atomic_mass_min,3.7698330083845013,1
ACF_entropy_weighted_atomic_radius,3.7579718069602186,1
Matrix_Volume_pct,3.7014496899064255,2
ACF_top2_fraction,3.697817198788036,1
MI_weighted_VEC,3.6343712468097573,1
PHASE_TEST_COMPRESSION__X__MI_weighted_VEC,3.5964853709003157,1
MI_weighted_atomic_radius,3.5289769421024864,1
Cr,3.4904894212786255,1
V,3.436630819921854,1
Youngs_Modulus_Calc_GPa,3.278073499840081,2
Ta,3.2393674301039046,1
PHASE_BCC_IND__X__ACF_atomic_radius_mean,3.2048992962588185,1
PHASE_TEST_COMPRESSION__X__ACF_atomic_mass_range,3.149735276182876,1
PHASE_BCC_IND,3.1367874755228864,1
ACF_entropy_weighted_electronegativity,3.0909551595293165,1
ACF_entropy_x_mass_std,3.089808473490981,1
MI_top2_fraction,3.0897293411112594,1
PHASE_BCC_IND__X__ACF_atomic_mass_q75,2.8930654876226223,1
PHASE_BCC_IND__X__MI_weighted_VEC,2.8592024783990433,1
ACF_electronegativity_q25,2.8127730057341678,1
ACF_refractory_fraction,2.7727292051207812,1
MI_pair_fraction_product_sum,2.719255464294349,1
MI_fraction_std,2.696954679663987,1
PHASE_TEST_COMPRESSION__X__ACF_atomic_mass_std,2.6731503434415065,1
ACF_fraction_squared_sum,2.670799807115421,1
ACF_atomic_radius_mean,2.6529308083524317,1
ACF_fraction_cubed_sum,2.6219836992955865,1
MI_mass_std,2.596481543003013,1
ACF_atomic_radius_q25,2.588762328982902,1
PHASE_BCC_IND__X__MI_weighted_electronegativity,2.55457881750443,1
Equilibrium_Condition,2.5321688128219124,6
PHASE_TEST_COMPRESSION__X__ACF_atomic_mass_q25,2.5306186008562217,1
ACF_electronegativity_range,2.5176838500753704,1
PHASE_BCC_IND__X__ACF_atomic_mass_q25,2.435907540649939,1
ACF_atomic_radius_kurtosis,2.423790469610557,1
ACF_config_entropy_normalized,2.411071411029099,1
ACF_atomic_mass_std,2.397335092635636,1
PHASE_TEST_COMPRESSION__X__MI_weighted_electronegativity,2.3793056507041492,1
Ti,2.3770517924155237,1
MI_config_entropy_R,2.3103146668695635,1
PHASE_BCC_IND__X__MI_weighted_atomic_radius,2.295112732947342,1
ACF_VEC_std,2.275990445765729,1
ACF_entropy_x_EN_std,2.258050212437773,1
MI_max_fraction,2.253339792687099,1
PHASE_TEST_COMPRESSION__X__Density_Calc_g_cm3,2.2380171431866693,1
ACF_VEC_var,2.219813165129809,1
ACF_transition_fraction,2.168667584085737,1
ACF_dominant_fraction,2.155762015067701,1
ACF_atomic_mass_above_mean_fraction,2.1389288894754386,1
ACF_atomic_radius_skew,2.065412624145828,1
PHASE_TEST_COMPRESSION__X__ACF_atomic_mass_min,2.062360875935195,1
ACF_VEC_below_mean_fraction,2.052005249498472,1
ACF_fraction_fourth_sum,2.0267649027622987,1
ACF_atomic_mass_below_mean_fraction,2.0190739256906056,1
MI_pair_electronegativity_interaction,2.017208928827503,1
MI_en_std,2.013819078978836,1
Youngs_Modulus_Exp_GPa,2.007655405739298,2
ACF_VEC_range,1.9975569824782657,1
ACF_electronegativity_var,1.9707703571757558,1
PHASE_BCC_IND__X__ACF_atomic_mass_range,1.9175878585908277,1
PHASE_TEST_COMPRESSION__X__ACF_atomic_radius_mean,1.8395421273242683,1
PHASE_BCC_IND__X__ACF_atomic_mass_kurtosis,1.8379801259796258,1
ACF_VEC_kurtosis,1.7911832419987648,1
ACF_electronegativity_above_mean_fraction,1.7436345902684458,1
PHASE_TEST_COMPRESSION__X__MI_weighted_atomic_radius,1.7355711884886245,1
Nb,1.7197273095367431,1
ACF_electronegativity_below_mean_fraction,1.7135863133724851,1
ACF_VEC_above_mean_fraction,1.6913560964651662,1
ACF_low_EN_fraction,1.6772550277224276,1
ACF_electronegativity_skew,1.6653994288184488,1
ACF_electronegativity_std,1.6434000927687562,1
ACF_VEC_q50,1.6432712922530586,1
MI_min_nonzero_fraction,1.6296708162412585,1
Density_Calc_g_cm3,1.6261179040656224,2
ACF_transition_x_EN_std,1.6035910125525041,1
ACF_high_EN_fraction,1.6005453512049346,1
Al,1.584098155028441,1
Alloy_Class,1.554916881119738,6
ACF_atomic_mass_var,1.5546758193459842,1
ACF_atomic_radius_q50,1.5025857091650863,1
ACF_VEC_min,1.5003191312103115,1
ACF_entropy_weighted_atomic_mass,1.471409779815444,1
PHASE_BCC_IND__X__Density_Exp_g_cm3,1.4583396655213705,1
PHASE_BCC_IND__X__ACF_atomic_mass_mean,1.4470314742602854,1
ACF_entropy_weighted_VEC,1.4304688231262515,1
ACF_VEC_q25,1.4240501425476426,1
ACF_electronegativity_mean,1.395063272446855,1
ACF_atomic_mass_q75,1.367294646024199,1
ACF_light_element_fraction,1.3602998713730345,1
ACF_VEC_q75,1.3273502361970884,1
Fe,1.3265304607158526,1
MI_fraction_range,1.3197156530362772,1
PHASE_TEST_COMPRESSION,1.3050433154551155,1
PHASE_BCC_IND__X__ACF_atomic_mass_max,1.2496127224869809,1
ACF_atomic_radius_q75,1.1866780418163663,1
ACF_atomic_radius_range,1.1737481711935094,1
ACF_electronegativity_q50,1.168821052133439,1
MI_weighted_electronegativity,1.154837752737845,1
Cu,1.142180704114995,1
ACF_atomic_mass_skew,1.1416856043892563,1
ACF_atomic_mass_kurtosis,1.1341632015880814,1
PHASE_BCC_IND__X__ACF_atomic_mass_std,1.1295337792076912,1
ACF_second_fraction,1.1217959260318124,1
ACF_electronegativity_kurtosis,1.1067968177448022,1
ACF_atomic_radius_below_mean_fraction,1.0993634778122505,1
Co,1.0902975245631656,1
PHASE_COMPLEX_IND__X__Density_Calc_g_cm3,1.088343886551796,1
PHASE_COMPLEX_IND__X__ACF_atomic_mass_q75,1.0830136443674476,1
ACF_atomic_radius_above_mean_fraction,1.0233747549951162,1
ACF_VEC_skew,1.0032738449192098,1
PHASE_BCC_IND__X__Density_Calc_g_cm3,0.9808661337471637,1
ACF_atomic_mass_range,0.9702958648236908,1
PHASE_BCC_IND__X__ACF_atomic_mass_skew,0.9455304447114907,1
ACF_atomic_radius_min,0.9314054751680695,1
Si,0.9169901143885857,1
ACF_atomic_mass_q25,0.9134309310252721,1
ACF_electronegativity_min,0.8858863611372509,1
PHASE_TEST_COMPRESSION__X__ACF_atomic_mass_max,0.8835008345101046,1
ACF_atomic_mass_q50,0.8822772523909747,1
Density_Exp_g_cm3,0.8627087355857347,2
ACF_electronegativity_q75,0.8064036776824692,1
PHASE_BCC_IND__X__MI_weighted_atomic_mass,0.7926134013594706,1
ACF_atomic_mass_min,0.7675123145733381,1
PHASE_FCC_IND__X__MI_weighted_VEC,0.7455909489232114,1
MI_weighted_atomic_mass,0.7186522932863362,1
Ni,0.7050611678557125,1
PHASE_COMPLEX_IND__X__ACF_atomic_mass_max,0.7039212469341966,1
Precipitate_Size_nm,0.687881346759183,2
ACF_atomic_radius_max,0.6747970826883517,1
PHASE_TEST_COMPRESSION__X__ACF_atomic_mass_skew,0.6421658977172209,1
PHASE_FCC_IND__X__ACF_atomic_mass_q25,0.6262450455220419,1
PHASE_BCC_IND__X__ACF_atomic_mass_var,0.6207468503596772,1
ACF_atomic_mass_mean,0.6205837099425718,1
ACF_heavy_element_fraction,0.6194342339596322,1
PHASE_TEST_TENSILE__X__ACF_atomic_mass_q50,0.6148522538379007,1
ACF_VEC_max,0.6082882112227569,1
PHASE_COMPLEX_IND__X__MI_weighted_atomic_mass,0.5861334685258616,1
PHASE_COMPLEX_IND__X__ACF_atomic_mass_var,0.5756643528062904,1
PHASE_FCC_IND__X__ACF_atomic_mass_kurtosis,0.5745240644816696,1
PHASE_COMPLEX_IND__X__ACF_atomic_mass_std,0.5687623587509937,1
Hf,0.5561756615826877,1
PHASE_FCC_IND__X__Density_Exp_g_cm3,0.5471427728541044,1
PHASE_TEST_COMPRESSION__X__ACF_atomic_mass_var,0.5378526725938332,1
PHASE_COMPLEX_IND__X__ACF_atomic_mass_mean,0.5212205426283598,1
Mn,0.5129453278766429,1
PHASE_FCC_IND__X__MI_weighted_electronegativity,0.5049729942349963,1
Test_Type,0.4905677811950454,2
PHASE_B2_IND__X__ACF_atomic_mass_std,0.48852015647435226,1
PHASE_TEST_TENSILE__X__ACF_atomic_radius_mean,0.4777881167375262,1
ACF_atomic_mass_max,0.47698697883781005,1
PHASE_COMPLEX_IND__X__ACF_atomic_mass_range,0.47554679732919636,1
PHASE_COMPLEX_IND__X__ACF_atomic_mass_min,0.47077096412357033,1
PHASE_TEST_COMPRESSION__X__ACF_atomic_mass_kurtosis,0.46881286264302097,1
Zr,0.45236165757776914,1
PHASE_FCC_IND__X__ACF_atomic_mass_mean,0.4510877364781117,1
PHASE_TEST_TENSILE__X__ACF_atomic_mass_q75,0.44963784092290665,1
PHASE_FCC_IND,0.4457090110895393,1
PHASE_B2_IND__X__ACF_atomic_mass_q75,0.44398819960066155,1
PHASE_TEST_TENSILE,0.44073513405575065,1
PHASE_B2_IND__X__MI_pair_electronegativity_interaction,0.43306609411545205,1
PHASE_FCC_IND__X__MI_weighted_atomic_mass,0.43268434057745875,1
PHASE_B2_IND__X__ACF_atomic_mass_var,0.4220893871506305,1
PHASE_COMPLEX_IND__X__ACF_atomic_mass_skew,0.41426733013739153,1
PHASE_TEST_TENSILE__X__Density_Exp_g_cm3,0.41245252852470493,1
PHASE_FCC_IND__X__ACF_atomic_mass_min,0.408693994228092,1
PHASE_COMPLEX_IND__X__ACF_atomic_mass_kurtosis,0.40733422277952114,1
PHASE_TEST_TENSILE__X__Density_Calc_g_cm3,0.4011083584375665,1
PHASE_FCC_IND__X__MI_atomic_size_mismatch,0.39285192684789255,1
PHASE_FCC_IND__X__ACF_atomic_mass_q50,0.39240925471343885,1
PHASE_FCC_IND__X__MI_weighted_atomic_radius,0.38144823420125773,1
PHASE_FCC_IND__X__ACF_atomic_mass_max,0.36341009199827284,1
PHASE_TEST_TENSILE__X__ACF_atomic_mass_q25,0.35635847250267444,1
PHASE_B2_IND__X__ACF_atomic_mass_max,0.35085555068444857,1
PHASE_FCC_IND__X__ACF_atomic_mass_var,0.34530821157454816,1
PHASE_TEST_TENSILE__X__MI_weighted_electronegativity,0.3336914937020226,1
PHASE_TEST_TENSILE__X__MI_weighted_VEC,0.3295311066007496,1
PHASE_TEST_TENSILE__X__ACF_atomic_mass_mean,0.32847946363568603,1
PHASE_COMPLEX_IND__X__MI_pair_electronegativity_interaction,0.31790629247658747,1
PHASE_FCC_IND__X__Density_Calc_g_cm3,0.3166444855777871,1
PHASE_TEST_TENSILE__X__MI_weighted_atomic_radius,0.30895790475433366,1
PHASE_FCC_IND__X__ACF_atomic_radius_mean,0.30229057109175506,1
PHASE_TEST_TENSILE__X__ACF_atomic_mass_std,0.2998276625338515,1
PHASE_FCC_IND__X__ACF_atomic_mass_q75,0.2997797178525175,1
PHASE_B2_IND__X__ACF_atomic_mass_mean,0.2984372026873403,1
PHASE_TEST_TENSILE__X__MI_pair_electronegativity_interaction,0.29701388697886066,1
PHASE_B2_IND__X__ACF_atomic_mass_range,0.29660475427560495,1
PHASE_TEST_TENSILE__X__MI_atomic_size_mismatch,0.2843269133739485,1
PHASE_B2_IND__X__ACF_atomic_mass_q50,0.27367195166008845,1
PHASE_FCC_IND__X__ACF_atomic_mass_skew,0.2736485075438138,1
PHASE_COMPLEX_IND__X__Density_Exp_g_cm3,0.2721812949573282,1
PHASE_HCP_IND__X__ACF_atomic_mass_q25,0.26253157444001024,1
PHASE_FCC_IND__X__MI_pair_electronegativity_interaction,0.2512983654868627,1
PHASE_TEST_TENSILE__X__ACF_atomic_mass_max,0.25111555501513744,1
PHASE_TEST_TENSILE__X__ACF_atomic_mass_min,0.25027552360178495,1
PHASE_FCC_IND__X__ACF_atomic_mass_std,0.24489376575671992,1
PHASE_COMPLEX_IND__X__MI_atomic_size_mismatch,0.23901626503640977,1
PHASE_TEST_TENSILE__X__ACF_atomic_mass_kurtosis,0.22703162018202594,1
PHASE_B2_IND__X__MI_weighted_atomic_mass,0.22036419226097648,1
PHASE_TEST_TENSILE__X__ACF_atomic_mass_var,0.21356114060430048,1
PHASE_B2_IND__X__ACF_atomic_mass_skew,0.21282242348280647,1
PHASE_COMPLEX_IND__X__MI_weighted_electronegativity,0.201414818491377,1
PHASE_B2_IND__X__ACF_atomic_mass_min,0.1982503423747997,1
PHASE_TEST_TENSILE__X__MI_weighted_atomic_mass,0.1934027625066242,1
PHASE_HCP_IND__X__ACF_atomic_mass_min,0.1928190930294604,1
PHASE_COMPLEX_IND__X__MI_weighted_VEC,0.1913263980405817,1
PHASE_B2_IND__X__Density_Exp_g_cm3,0.18884097307722603,1
PHASE_B2_IND__X__ACF_atomic_mass_kurtosis,0.18651942907097885,1
PHASE_B2_IND__X__MI_weighted_electronegativity,0.1807118242406192,1
PHASE_B2_IND__X__MI_weighted_atomic_radius,0.17728233488785403,1
PHASE_B2_IND__X__ACF_atomic_radius_mean,0.1735581249318969,1
PHASE_COMPLEX_IND__X__ACF_atomic_mass_q25,0.17227284169596882,1
PHASE_COMPLEX_IND__X__ACF_atomic_mass_q50,0.17127087557627255,1
PHASE_COMPLEX_IND__X__ACF_atomic_radius_mean,0.1672760622388525,1
PHASE_LAVES_IND__X__ACF_atomic_mass_min,0.16502987378459566,1
PHASE_B2_IND__X__Density_Calc_g_cm3,0.16498625483101512,1
PHASE_B2_IND__X__MI_atomic_size_mismatch,0.16305824639517943,1
PHASE_TEST_TENSILE__X__ACF_atomic_mass_range,0.16020494851774017,1
PHASE_COMPLEX_IND,0.1565383730931581,1
PHASE_B2_IND__X__ACF_atomic_mass_q25,0.1558771972088067,1
PHASE_FCC_IND__X__ACF_atomic_mass_range,0.14917490558381166,1
PHASE_COMPLEX_IND__X__MI_weighted_atomic_radius,0.14555260652653734,1
PHASE_TEST_TENSILE__X__ACF_atomic_mass_skew,0.14288151323591727,1
PHASE_B2_IND__X__MI_weighted_VEC,0.1366953085660013,1
C,0.12503789533754103,1
PHASE_B2_IND,0.1200698151466737,1
PHASE_LAVES_IND__X__ACF_atomic_mass_skew,0.11956430098384087,1
Single_Multiphase,0.11876351028231935,2
PHASE_LAVES_IND__X__Density_Exp_g_cm3,0.11815442042942365,1
PHASE_HCP_IND__X__ACF_atomic_mass_kurtosis,0.11524006420414493,1
PHASE_LAVES_IND__X__MI_weighted_electronegativity,0.11198684451725417,1
PHASE_LAVES_IND__X__ACF_atomic_mass_q75,0.11024567473939281,1
PHASE_LAVES_IND__X__Density_Calc_g_cm3,0.10931419486253763,1
PHASE_HCP_IND__X__Density_Calc_g_cm3,0.10697268048738433,1
Zn,0.10024961320615056,1
PHASE_LAVES_IND__X__ACF_atomic_mass_range,0.09993615093206162,1
PHASE_HCP_IND__X__ACF_atomic_mass_skew,0.09437764484782156,1
PHASE_LAVES_IND__X__MI_weighted_VEC,0.09097182070716885,1
PHASE_LAVES_IND__X__ACF_atomic_mass_mean,0.08663349548768691,1
PHASE_HCP_IND__X__ACF_atomic_mass_mean,0.08344460832654813,1
PHASE_HCP_IND__X__MI_weighted_VEC,0.07905046483511023,1
PHASE_LAVES_IND__X__ACF_atomic_mass_var,0.07245745825131494,1
PHASE_LAVES_IND__X__ACF_atomic_mass_q50,0.07205735260081664,1
PHASE_LAVES_IND__X__ACF_atomic_mass_kurtosis,0.06611427888221807,1
PHASE_HCP_IND__X__MI_pair_electronegativity_interaction,0.06380201861358817,1
PHASE_LAVES_IND__X__ACF_atomic_mass_q25,0.05831839888866201,1
PHASE_LAVES_IND,0.05799291807502242,1
PHASE_LAVES_IND__X__MI_atomic_size_mismatch,0.05467577010074387,1
PHASE_LAVES_IND__X__MI_weighted_atomic_radius,0.05463023812681596,1
W,0.05148328677395368,1
PHASE_LAVES_IND__X__MI_pair_electronegativity_interaction,0.04829874559702454,1
PHASE_LAVES_IND__X__MI_weighted_atomic_mass,0.045170579687630844,1
PHASE_HCP_IND__X__MI_atomic_size_mismatch,0.04419655772335404,1
PHASE_HCP_IND__X__MI_weighted_atomic_mass,0.04127429370235845,1
Mg,0.04051851091123615,1
PHASE_LAVES_IND__X__ACF_atomic_mass_std,0.03946279238837063,1
PHASE_HCP_IND__X__ACF_atomic_mass_q75,0.03849653947646656,1
PHASE_LAVES_IND__X__ACF_atomic_radius_mean,0.03837552798647776,1
PHASE_LAVES_IND__X__ACF_atomic_mass_max,0.03111954946759866,1
PHASE_HCP_IND__X__Density_Exp_g_cm3,0.026870581794737846,1
Y,0.02686042404998928,1
PHASE_HCP_IND__X__ACF_atomic_mass_range,0.02673738468996839,1
Re,0.02402233274261103,1
PHASE_HCP_IND__X__ACF_atomic_mass_std,0.022283253177495996,1
PHASE_HCP_IND__X__MI_weighted_electronegativity,0.0192229553470111,1
PHASE_HCP_IND__X__MI_weighted_atomic_radius,0.018655237330975325,1
PHASE_L12_IND__X__MI_weighted_atomic_mass,0.018482450061544156,1
PHASE_HCP_IND__X__ACF_atomic_mass_max,0.01772918755102185,1
PHASE_L12_IND__X__MI_weighted_VEC,0.016894110149972275,1
PHASE_L12_IND__X__ACF_atomic_mass_max,0.015242285225462062,1
PHASE_L12_IND__X__ACF_atomic_mass_var,0.015065017472331608,1
PHASE_L12_IND__X__ACF_atomic_mass_kurtosis,0.013906268533021631,1
PHASE_L12_IND__X__Density_Exp_g_cm3,0.013639307950931873,1
PHASE_HCP_IND__X__ACF_atomic_mass_q50,0.013598672476059703,1
PHASE_HCP_IND__X__ACF_atomic_mass_var,0.013565859788181738,1
PHASE_L12_IND__X__ACF_atomic_mass_std,0.013256538989632563,1
PHASE_L12_IND__X__ACF_atomic_mass_min,0.013213866075782978,1
PHASE_L12_IND__X__ACF_atomic_mass_skew,0.012727108633840608,1
PHASE_HCP_IND,0.012648511405614623,1
PHASE_L12_IND__X__ACF_atomic_radius_mean,0.012634250590541326,1
PHASE_L12_IND__X__MI_weighted_atomic_radius,0.012555826064267505,1
PHASE_L12_IND__X__ACF_atomic_mass_q25,0.012058349909652068,1
PHASE_L12_IND__X__Density_Calc_g_cm3,0.011637704982330476,1
PHASE_L12_IND__X__ACF_atomic_mass_range,0.01100454961161795,1
PHASE_L12_IND__X__ACF_atomic_mass_mean,0.010776193898930895,1
PHASE_L12_IND,0.010508996567616592,1
PHASE_L12_IND__X__ACF_atomic_mass_q50,0.010091384035426861,1
PHASE_L12_IND__X__MI_pair_electronegativity_interaction,0.010002238406884389,1
Li,0.00974762084312489,1
PHASE_L12_IND__X__MI_atomic_size_mismatch,0.009692597942076175,1
PHASE_L12_IND__X__MI_weighted_electronegativity,0.009266382078094316,1
PHASE_HCP_IND__X__ACF_atomic_radius_mean,0.009121924916379956,1
PHASE_L12_IND__X__ACF_atomic_mass_q75,0.008816660545269637,1
Sc,0.008167368110728598,1
Pd,0.007830728276205217,1
Sn,0.005482019496341137,1
Ca,0.0014048356641587724,1
S,0.0010733158345051731,1
B,0.0,1
T,0.0,1
PHASE_SIGMA_IND,0.0,1
Ag,0.0,1
PHASE_SIGMA_IND__X__ACF_atomic_mass_max,0.0,1
PHASE_SIGMA_IND__X__ACF_atomic_radius_mean,0.0,1
PHASE_SIGMA_IND__X__ACF_atomic_mass_kurtosis,0.0,1
PHASE_SIGMA_IND__X__ACF_atomic_mass_min,0.0,1
PHASE_SIGMA_IND__X__MI_atomic_size_mismatch,0.0,1
PHASE_SIGMA_IND__X__MI_pair_electronegativity_interaction,0.0,1
PHASE_SIGMA_IND__X__ACF_atomic_mass_mean,0.0,1
PHASE_SIGMA_IND__X__ACF_atomic_mass_var,0.0,1
PHASE_SIGMA_IND__X__ACF_atomic_mass_std,0.0,1
PHASE_SIGMA_IND__X__MI_weighted_atomic_mass,0.0,1
PHASE_SIGMA_IND__X__Density_Calc_g_cm3,0.0,1
PHASE_SIGMA_IND__X__Density_Exp_g_cm3,0.0,1
PHASE_SIGMA_IND__X__MI_weighted_electronegativity,0.0,1
PHASE_SIGMA_IND__X__ACF_atomic_mass_range,0.0,1
PHASE_SIGMA_IND__X__ACF_atomic_mass_q25,0.0,1
PHASE_SIGMA_IND__X__ACF_atomic_mass_q50,0.0,1
PHASE_SIGMA_IND__X__ACF_atomic_mass_q75,0.0,1
PHASE_SIGMA_IND__X__ACF_atomic_mass_skew,0.0,1
PHASE_SIGMA_IND__X__MI_weighted_atomic_radius,0.0,1
PHASE_SIGMA_IND__X__MI_weighted_VEC,0.0,1
Ga,0.0,1
O,0.0,1
Nd,0.0,1
I,0.0,1
Ru,0.0,1
