candidate_id,composition,n_elements,Al,Co,Cr,Cu,Fe,Mn,Mo,Nb,Ni,Ti,V,W,composition_sum,valid_composition,Predicted_YS_MPa,Predicted_UTS_MPa,Predicted_Elongation_pct,Predicted_Hardness_HV,UTS_to_YS_Ratio,UTS_YS_Consistency,YS_Score,UTS_Score,Elongation_Score,Hardness_Score,Balanced_Score,Pareto_Optimal,Overall_Rank,YS_Ensemble_Mean_MPa,YS_Uncertainty_STD_MPa,YS_Ensemble_Min_MPa,YS_Ensemble_Max_MPa,YS_Ensemble_Difference_MPa,YS_Normalized,UTS_Normalized,Elongation_Normalized,Hardness_Normalized,Uncertainty_Normalized,Uncertainty_Confidence,Performance_Score,Uncertainty_Aware_Score,Uncertainty_Risk,Uncertainty_Aware_Rank,High_Performance_Low_Uncertainty
CAND_03577,Al43.94Co18.64Cr30.43W6.99,4,43.94,18.64,30.43,0.0,0.0,0.0,0.0,0.0,0.0,0.0,0.0,6.99,100.0,True,945.67615,1799.2856,63.378998,669.9723333333334,1.902644583804861,True,0.49066475,0.9649798603549816,0.789913068760795,1.0,0.7841716623189023,True,2,1581.0852,182.05055,1305.8726,1890.2153,635.409055078125,0.4906647532026274,0.9649798603549815,0.789913068760795,1.0,1.0,0.0,0.7991340670353898,0.6393072536283119,Low,1,True
CAND_01212,Al35.04Co17.31Cr29.08Nb12.60Ti5.97,5,35.04,17.31,29.08,0.0,0.0,0.0,0.0,12.6,0.0,5.97,0.0,0.0,100.0,True,1145.7308,1843.8789,59.48518,557.0157333333334,1.6093473647873544,True,0.6575047,1.0,0.7202695990024529,0.7579437456561352,0.7910103708912546,True,1,1581.0852,182.05055,1305.8726,1890.2153,435.35440507812496,0.6575046148851306,1.0,0.7202695990024529,0.7579437456561352,1.0,0.0,0.7941485952704388,0.6353188762163511,Low,2,True
CAND_04351,Al32.90Cr29.10Nb18.03Ti10.80W9.17,5,32.9,0.0,29.1,0.0,0.0,0.0,0.0,18.03,0.0,10.8,0.0,9.17,100.0,True,1200.7443,1791.2363,58.198544,523.1571333333334,1.4917716916499848,True,0.7033843,0.9586585607417066,0.6972572765580053,0.6853876852459672,0.7757353391115014,True,3,1581.0852,182.05055,1305.8726,1890.2153,380.34090507812493,0.7033843019140019,0.9586585607417066,0.6972572765580053,0.6853876852459672,1.0,0.0,0.7754289794553091,0.6203431835642473,Low,3,True
CAND_02476,Al28.16Co11.76Cr32.84Ni5.45Ti8.12W13.67,6,28.16,11.76,32.84,0.0,0.0,0.0,0.0,0.0,5.45,8.12,0.0,13.67,100.0,True,1068.8793,1759.1621,61.04905,480.71906666666666,1.6458005551457535,True,0.59341264,0.9334699570052204,0.7482404320128756,0.5944465675164271,0.734291880486117,True,5,1581.0852,182.05055,1305.8726,1890.2153,512.2059050781249,0.5934126598613764,0.9334699570052203,0.7482404320128756,0.5944465675164271,1.0,0.0,0.7420332667982368,0.5936266134385895,Low,5,True
CAND_01568,Al30.25Cr30.90Nb9.66Ti8.48W20.71,5,30.25,0.0,30.9,0.0,0.0,0.0,0.0,9.66,0.0,8.48,0.0,20.71,100.0,True,1156.1299,1824.3159,53.32445,499.2757333333333,1.57795064994083,True,0.66617715,0.9846367281211416,0.6100809323918637,0.6342119041717531,0.7428961891967383,True,4,1581.0852,182.05055,1305.8726,1890.2153,424.9553050781251,0.6661771671383399,0.9846367281211416,0.6100809323918637,0.6342119041717529,1.0,0.0,0.7400913755642495,0.5920731004513996,Low,6,True
CAND_04973,Al17.16Co17.69Cr33.86Mo6.13Ni7.54W17.62,6,17.16,17.69,33.86,0.0,0.0,0.0,6.13,0.0,7.54,0.0,0.0,17.62,100.0,True,1110.7784,1728.5272,65.303566,367.668,1.5561403913205312,True,0.6283554,0.9094116685176856,0.8243352203112458,0.3521878792510944,0.7202421056629092,True,11,1581.0852,182.05055,1305.8726,1890.2153,470.3068050781251,0.6283553120247795,0.9094116685176857,0.8243352203112458,0.3521878792510944,1.0,0.0,0.7300410765425385,0.5840328612340308,Low,7,True
CAND_01089,Al28.37Co31.80Cr24.22Nb15.61,4,28.37,31.8,24.22,0.0,0.0,0.0,0.0,15.61,0.0,0.0,0.0,0.0,100.0,True,1011.7163,1704.0853,61.939262,504.0119333333333,1.68435092478505,True,0.54574037,0.8902168847454695,0.7641624531501023,0.6443611724024133,0.7184819673463773,True,13,1581.0852,182.05055,1305.8726,1890.2153,569.368905078125,0.545740351252919,0.8902168847454695,0.7641624531501023,0.6443611724024133,1.0,0.0,0.7294030650422633,0.5835224520338106,Low,9,True
CAND_00960,Al37.55Cr34.69Cu6.86Fe6.29Mn5.32Nb9.29,6,37.55,0.0,34.69,6.86,6.29,5.32,0.0,9.29,0.0,0.0,0.0,0.0,100.0,True,1114.2775,1705.6156,54.2524,562.3697333333334,1.5306919975666513,True,0.63127345,0.8914186643782567,0.626677922226071,0.7694169060182305,0.7288896622338347,True,7,1581.0852,182.05055,1305.8726,1890.2153,466.8077050781251,0.6312734614405179,0.8914186643782567,0.626677922226071,0.7694169060182305,1.0,0.0,0.7286598772441624,0.5829279017953299,Low,10,True
CAND_04367,Al23.99Cr44.48Ni23.42Ti8.11,4,23.99,0.0,44.48,0.0,0.0,0.0,0.0,0.0,23.42,8.11,0.0,0.0,100.0,True,1306.1501,1665.7268,60.027218,369.86143333333337,1.2752950374682872,True,0.7912898,0.8600930763129594,0.7299643014926237,0.3568882177600407,0.7314391877420011,True,6,1581.0852,182.05055,1305.8726,1890.2153,274.93510507812493,0.7912897272192052,0.8600930763129594,0.7299643014926237,0.35688821776004076,1.0,0.0,0.7283728778104823,0.5826983022483859,Low,11,True
CAND_04371,Al36.49Co19.97Cr24.13Ni8.49Ti10.92,5,36.49,19.97,24.13,0.0,0.0,0.0,0.0,0.0,8.49,10.92,0.0,0.0,100.0,True,1012.35913,1809.0658,53.328842,562.8677333333333,1.7869802769144918,True,0.54627645,0.9726604753746416,0.6101594861710025,0.7704840770791797,0.7237935667246342,True,8,1581.0852,182.05055,1305.8726,1890.2153,568.726075078125,0.5462764531045149,0.9726604753746417,0.6101594861710025,0.7704840770791797,1.0,0.0,0.7269877133016989,0.5815901706413591,Low,12,True
CAND_00379,Al21.70Co20.34Cr33.44Mo10.96Ni13.56,5,21.7,20.34,33.44,0.0,0.0,0.0,10.96,0.0,13.56,0.0,0.0,0.0,100.0,True,1025.0983,1779.5875,64.418045,375.403,1.7360164951792805,True,0.55690056,0.9495104913524286,0.8084971007628036,0.3687633173162433,0.7093621003715546,True,16,1581.0852,182.05055,1305.8726,1890.2153,555.9869050781249,0.55690055687191,0.9495104913524286,0.8084971007628036,0.3687633173162433,1.0,0.0,0.7219419144499836,0.5775535315599869,Low,14,True
CAND_01556,Al13.24Cr30.94Fe7.00Nb18.53Ni7.87Ti22.42,6,13.24,0.0,30.94,0.0,7.0,0.0,0.0,18.53,7.87,22.42,0.0,0.0,100.0,True,1330.9757,1620.9166,60.79892,348.132,1.2178408593393244,True,0.8119936,0.8249026001310844,0.7437666941312762,0.3103239157034863,0.7235591295497605,True,9,1581.0852,182.05055,1305.8726,1890.2153,250.10950507812504,0.8119935682455705,0.8249026001310844,0.7437666941312762,0.31032391570348633,1.0,0.0,0.7201477676956236,0.5761182141564989,Low,15,True
CAND_01687,Al43.28Cr21.23Cu9.30Ti26.19,4,43.28,0.0,21.23,9.3,0.0,0.0,0.0,0.0,0.0,26.19,0.0,0.0,100.0,True,1153.7106,1595.7526,50.573265,633.3050333333333,1.3831481133236352,True,0.66415954,0.8051407346932892,0.5608741976787609,0.9214251376643524,0.7192224073463025,True,12,1581.0852,182.05055,1305.8726,1890.2153,427.3746050781249,0.6641595400680946,0.8051407346932892,0.5608741976787609,0.9214251376643524,1.0,0.0,0.7140581353782915,0.5712465083026332,Low,17,True
CAND_01991,Al42.97Co22.44Nb15.27Ni19.32,4,42.97,22.44,0.0,0.0,0.0,0.0,0.0,15.27,19.32,0.0,0.0,0.0,100.0,True,972.9954,1537.9686,62.774483,589.0488666666665,1.5806534796067913,True,0.5134483,0.7597616362805734,0.7791009244538539,0.8265879883968358,0.7007264156108596,True,23,1581.0852,182.05055,1305.8726,1890.2153,608.089805078125,0.5134482270747405,0.7597616362805734,0.7791009244538539,0.8265879883968358,1.0,0.0,0.7140090232485387,0.571207218598831,Low,18,True
CAND_02582,Al40.47Co37.98Cr14.58Ni6.97,4,40.47,37.98,14.58,0.0,0.0,0.0,0.0,0.0,6.97,0.0,0.0,0.0,100.0,True,992.8647,1601.7384,57.172855,619.979,1.61324944285381,True,0.5300187,0.8098415205038739,0.678912161081893,0.8928685972414985,0.7056163981427936,True,18,1581.0852,182.05055,1305.8726,1890.2153,588.220505078125,0.5300186555238077,0.8098415205038739,0.678912161081893,0.8928685972414985,1.0,0.0,0.7130610579429068,0.5704488463543255,Low,19,True
CAND_01417,Al25.25Cr29.22Fe23.22Ti22.31,4,25.25,0.0,29.22,0.0,23.22,0.0,0.0,0.0,0.0,22.31,0.0,0.0,100.0,True,1348.8978,1698.3588,54.372498,362.63999999999993,1.259071492160619,True,0.8269401,0.885719733162671,0.6288259531384139,0.3414133087803032,0.7222164462908678,True,10,1581.0852,182.05055,1305.8726,1890.2153,232.18740507812504,0.8269400875344747,0.885719733162671,0.6288259531384139,0.34141330878030324,1.0,0.0,0.7123107240909896,0.5698485792727918,Low,20,True
CAND_02500,Al19.26Cr29.14Fe9.73Nb24.48Ti17.39,5,19.26,0.0,29.14,0.0,9.73,0.0,0.0,24.48,0.0,17.39,0.0,0.0,100.0,True,1323.7448,1612.653,58.4666,371.543,1.2182507230418116,True,0.80596316,0.8184130058204914,0.7020516326192137,0.3604916701369964,0.7168995139642096,True,14,1581.0852,182.05055,1305.8726,1890.2153,257.34040507812506,0.8059632042633285,0.8184130058204914,0.7020516326192137,0.3604916701369964,1.0,0.0,0.711703943118293,0.5693631544946344,Low,21,True
CAND_00931,Al28.40Cr28.61Cu10.90Fe12.54W19.55,5,28.4,0.0,28.61,10.9,12.54,0.0,0.0,0.0,0.0,0.0,0.0,19.55,100.0,True,985.6029,1671.5964,62.754555,471.5360666666666,1.6960140752996726,True,0.52396256,0.8647026076026464,0.7787444992009674,0.5747681903021721,0.697500908781574,True,24,1581.0852,182.05055,1305.8726,1890.2153,595.482305078125,0.523962521824511,0.8647026076026464,0.7787444992009674,0.5747681903021721,1.0,0.0,0.7102399910425377,0.5681919928340301,Low,22,True
CAND_00338,Al14.10Cr28.94Mn16.48Ni29.90Ti10.58,5,14.1,0.0,28.94,0.0,0.0,16.48,0.0,0.0,29.9,10.58,0.0,0.0,100.0,True,1409.6605,1574.1669,59.430405,310.42740000000003,1.1166992867558443,True,0.8776145,0.7881889901860317,0.7192899124695914,0.2295262089069496,0.7139924619112425,True,15,1581.0852,182.05055,1305.8726,1890.2153,171.42470507812504,0.877614443084098,0.7881889901860317,0.7192899124695914,0.22952620890694964,1.0,0.0,0.7060762129037539,0.5648609703230031,Low,23,True
CAND_02644,Al26.16Cr29.03Ni20.41Ti24.40,4,26.16,0.0,29.03,0.0,0.0,0.0,0.0,0.0,20.41,24.4,0.0,0.0,100.0,True,1249.2795,1645.1664,56.98046,397.7257,1.3168921334151775,True,0.7438613,0.8439465233743468,0.675471051260079,0.4165989386862365,0.7076999648613308,True,17,1581.0852,182.05055,1305.8726,1890.2153,331.8057050781249,0.7438612718556286,0.8439465233743468,0.675471051260079,0.41659893868623665,1.0,0.0,0.7042804311571704,0.5634243449257363,Low,26,True
CAND_02513,Al37.55Co9.84Cr21.02Cu5.61Ti15.94W10.04,6,37.55,9.84,21.02,5.61,0.0,0.0,0.0,0.0,0.0,15.94,0.0,10.04,100.0,True,1135.5042,1604.733,52.279263,565.8024333333334,1.4132339361753592,True,0.6489759,0.812193248458095,0.5913870824927898,0.7767728861405623,0.7027134536888193,True,21,1581.0852,182.05055,1305.8726,1890.2153,445.5810050781249,0.648975922702858,0.812193248458095,0.5913870824927898,0.7767728861405623,1.0,0.0,0.6998340128820643,0.5598672103056515,Low,27,True
CAND_03250,Al37.19Co17.76Cr7.16Nb28.56Ti9.33,5,37.19,17.76,7.16,0.0,0.0,0.0,0.0,28.56,0.0,9.33,0.0,0.0,100.0,True,1099.3997,1622.9808,52.23136,576.6029333333333,1.4762427729444847,True,0.6188658,0.8265236636598041,0.5905303061535171,0.7999174263891259,0.7012370259895716,True,22,1581.0852,182.05055,1305.8726,1890.2153,481.68550507812506,0.6188658013629343,0.8265236636598041,0.5905303061535171,0.7999174263891259,1.0,0.0,0.6998202552430989,0.5598562041944791,Low,28,True
CAND_02137,Al18.37Cr36.64Nb15.18Ti24.76W5.05,5,18.37,0.0,36.64,0.0,0.0,0.0,0.0,15.18,0.0,24.76,0.0,5.05,100.0,True,1225.6493,1719.69,56.201027,356.962,1.4030848883409317,True,0.72415435,0.9024716129920584,0.6615303846536392,0.3292458443544578,0.7027572656369636,True,20,1581.0852,182.05055,1305.8726,1890.2153,355.43590507812496,0.7241543602715694,0.9024716129920584,0.6615303846536392,0.3292458443544578,1.0,0.0,0.6996260660147703,0.5597008528118163,Low,29,True
CAND_03627,Al13.13Co16.59Cr32.21Nb23.46Ni7.43Ti7.18,6,13.13,16.59,32.21,0.0,0.0,0.0,0.0,23.46,7.43,7.18,0.0,0.0,100.0,True,1002.311,1648.4153,66.95954,374.193,1.6446146381321047,True,0.53789663,0.8464979589418581,0.8539533933202568,0.3661703916460648,0.6837322906644538,True,30,1581.0852,182.05055,1305.8726,1890.2153,578.774205078125,0.5378965998025906,0.8464979589418581,0.8539533933202568,0.3661703916460648,1.0,0.0,0.6995351143761919,0.5596280915009535,Low,31,True
CAND_04423,Al16.53Co9.04Cr38.93Nb19.09Ni5.11Ti11.30,6,16.53,9.04,38.93,0.0,0.0,0.0,0.0,19.09,5.11,11.3,0.0,0.0,100.0,True,1188.9879,1640.1793,61.027527,355.117,1.37947516476323,True,0.69357985,0.8400300395432855,0.7478554791466634,0.32529216843588,0.6958406656695729,True,25,1581.0852,182.05055,1305.8726,1890.2153,392.0973050781249,0.6935798002446621,0.8400300395432855,0.7478554791466634,0.32529216843588,1.0,0.0,0.6985544309335322,0.5588435447468257,Low,32,True
CAND_00953,Al35.70Cr27.98Fe25.75Nb10.57,4,35.7,0.0,27.98,0.0,25.75,0.0,0.0,10.57,0.0,0.0,0.0,0.0,100.0,True,1207.8201,1663.9615,51.393307,482.2487333333332,1.3776567748706297,True,0.7092853,0.8587067457988383,0.5755411826861675,0.5977245112906552,0.7039415977206974,True,19,1581.0852,182.05055,1305.8726,1890.2153,373.2651050781251,0.7092853169281145,0.8587067457988383,0.5755411826861675,0.5977245112906552,1.0,0.0,0.6972543844711286,0.5578035075769029,Low,33,True
CAND_02156,Al44.04Cr13.99Cu8.33Mn8.92Mo8.03Nb16.69,6,44.04,0.0,13.99,8.33,0.0,8.92,8.03,16.69,0.0,0.0,0.0,0.0,100.0,True,1087.7585,1546.5494,51.430122,623.031,1.4217763741962388,True,0.60915744,0.7665003350148223,0.5761996429272865,0.8994087700889235,0.6916585715845067,True,26,1581.0852,182.05055,1305.8726,1890.2153,493.3267050781251,0.6091573732018376,0.7665003350148223,0.5761996429272865,0.8994087700889235,1.0,0.0,0.6900106521964304,0.5520085217571443,Low,39,True
CAND_00234,Al28.83Cr27.96Cu11.01Nb14.59Ti7.97V9.64,6,28.83,0.0,27.96,11.01,0.0,0.0,0.0,14.59,0.0,7.97,9.64,0.0,100.0,True,1243.8129,1302.466,64.59675,480.2567333333333,1.047155914995267,True,0.7393023,0.5748160516576607,0.8116933560225933,0.5934558270468576,0.6861772148097081,True,29,1581.0852,182.05055,1305.8726,1890.2153,337.2723050781251,0.739302283659785,0.5748160516576607,0.8116933560225933,0.5934558270468574,1.0,0.0,0.6897967672760511,0.551837413820841,Low,40,True
CAND_02111,Al19.38Co35.48Cr30.06Ti15.08,4,19.38,35.48,30.06,0.0,0.0,0.0,0.0,0.0,0.0,15.08,0.0,0.0,100.0,True,1204.8334,1547.213,61.494606,375.4635333333333,1.2841717646260205,True,0.7067945,0.7670214752907927,0.7562094911244334,0.3688930350302113,0.6865311237083956,True,28,1581.0852,182.05055,1305.8726,1890.2153,376.251805078125,0.7067944944709152,0.7670214752907927,0.7562094911244334,0.36889303503021137,1.0,0.0,0.6890018687968282,0.5512014950374626,Low,42,True
CAND_01503,Al24.59Cr34.86Mo13.89Nb19.24Ni7.42,5,24.59,0.0,34.86,0.0,0.0,0.0,13.89,19.24,7.42,0.0,0.0,0.0,100.0,True,1071.6119,1578.0128,62.264717,418.8340333333333,1.47255992896398,True,0.5956916,0.7912092635244206,0.769983427692364,0.4618322769958919,0.6778409728615652,True,32,1581.0852,182.05055,1305.8726,1890.2153,509.4733050781249,0.5956915701793001,0.7912092635244206,0.769983427692364,0.4618322769958919,1.0,0.0,0.6865555414592442,0.5492444331673955,Low,44,True
CAND_01246,Al18.51Co8.78Cr22.40Nb27.35Ti10.61W12.35,6,18.51,8.78,22.4,0.0,0.0,0.0,0.0,27.35,0.0,10.61,0.0,12.35,100.0,True,1210.4055,1743.1118,51.998413,369.851,1.4401056296304364,True,0.7114415,0.9208652888747066,0.5863638974128424,0.3568658600263006,0.6898129010428984,True,27,1581.0852,182.05055,1305.8726,1890.2153,370.6797050781249,0.7114414666521722,0.9208652888747066,0.5863638974128424,0.3568658600263006,1.0,0.0,0.6835590015532529,0.5468472012426023,Low,48,True
CAND_00975,Co35.68Cr37.51Mo10.66V16.15,4,0.0,35.68,37.51,0.0,0.0,0.0,10.66,0.0,0.0,0.0,16.15,0.0,100.0,True,1225.0405,1381.2957,69.48517,309.9566,1.127551023144563,True,0.7236467,0.6367228202120155,0.8991259300247872,0.2285173251007346,0.6671699463902782,True,34,1581.0852,182.05055,1305.8726,1890.2153,356.04470507812493,0.7236466384675908,0.6367228202120155,0.8991259300247872,0.22851732510073464,1.0,0.0,0.6759438834530488,0.5407551067624391,Low,57,True
CAND_03811,Al28.50Cr21.58Fe23.78Nb7.45Ti5.48W13.21,6,28.5,0.0,21.58,0.0,23.78,0.0,0.0,7.45,0.0,5.48,0.0,13.21,100.0,True,1185.9026,1841.2604,42.848736,414.5973999999999,1.5526236461588852,True,0.6910067,0.9979436319882028,0.4227159679389691,0.4527535370577647,0.6802771311399213,True,31,1581.0852,182.05055,1305.8726,1890.2153,395.1826050781251,0.6910067482048867,0.9979436319882027,0.4227159679389691,0.4527535370577647,1.0,0.0,0.6668625975880379,0.5334900780704304,Low,66,True
CAND_01035,Al12.33Cr40.95Fe19.68Ti27.04,4,12.33,0.0,40.95,0.0,19.68,0.0,0.0,0.0,0.0,27.04,0.0,0.0,100.0,True,1227.066,1686.059,55.626022,288.1963333333333,1.3740572593357123,True,0.7253359,0.8760604185659537,0.6512460459073507,0.1818869498693892,0.6705134572722791,True,33,1581.0852,182.05055,1305.8726,1890.2153,354.01920507812497,0.7253358475903875,0.8760604185659537,0.6512460459073507,0.18188694986938925,1.0,0.0,0.6668089437199965,0.5334471549759973,Low,67,True
CAND_00076,Al24.69Co15.05Cr27.94Cu10.24Mn22.08,5,24.69,15.05,27.94,10.24,0.0,22.08,0.0,0.0,0.0,0.0,0.0,0.0,100.0,True,792.91235,1674.7776,65.93625,404.2566666666666,2.112185025967056,True,0.36326414,0.8672008768098756,0.8356511855208645,0.4305942371334097,0.6426414425036234,True,45,1581.0852,182.05055,1305.8726,1890.2153,788.172855078125,0.3632641091181556,0.8672008768098756,0.8356511855208645,0.4305942371334097,1.0,0.0,0.6662607815487723,0.5330086252390179,Low,68,True
CAND_02950,Al40.33Co15.00Cr10.18Cu7.01Ni7.99Ti19.49,6,40.33,15.0,10.18,7.01,0.0,0.0,0.0,0.0,7.99,19.49,0.0,0.0,100.0,True,1086.7058,1443.8112,52.903336,583.8076,1.3286127542406487,True,0.60827947,0.6858176739227335,0.6025490343617517,0.8153564058478686,0.6611698735540756,True,36,1581.0852,182.05055,1305.8726,1890.2153,494.37940507812505,0.6082794514819817,0.6858176739227335,0.6025490343617517,0.8153564058478686,1.0,0.0,0.6608833362330212,0.5287066689864169,Low,76,True
CAND_03340,Co33.69Cr40.60Fe14.41Mo11.30,4,0.0,33.69,40.6,0.0,14.41,0.0,11.3,0.0,0.0,0.0,0.0,0.0,100.0,True,778.0243,1663.5951,71.12676,304.657,2.138230280368553,True,0.3508479,0.8584190034885377,0.9284868358299884,0.2171607392481085,0.6274758953357594,True,54,1581.0852,182.05055,1305.8726,1890.2153,803.060905078125,0.3508479008334585,0.8584190034885377,0.9284868358299885,0.21716073924810853,1.0,0.0,0.6563578378911388,0.525086270312911,Low,89,True
CAND_03074,Al30.51Co24.31Mn10.23Ni25.13W9.82,5,30.51,24.31,0.0,0.0,0.0,10.23,0.0,0.0,25.13,0.0,0.0,9.82,100.0,True,751.8543,1454.0317,69.7786,493.6324666666667,1.9339274676436784,True,0.32902288,0.6938440666149521,0.904374116594162,0.6221188702844288,0.6262714509468239,True,55,1581.0852,182.05055,1305.8726,1890.2153,829.230905078125,0.32902286862235464,0.6938440666149521,0.9043741165941621,0.6221188702844288,1.0,0.0,0.6550390026609872,0.5240312021287898,Low,95,True
CAND_03858,Al23.83Co11.81Cr30.81Ti33.55,4,23.83,11.81,30.81,0.0,0.0,0.0,0.0,0.0,0.0,33.55,0.0,0.0,100.0,True,1128.7141,1452.5468,59.899075,412.0853333333333,1.2869040844105604,True,0.64331317,0.6926779406417928,0.7276723805180833,0.447370394789005,0.6498209903644526,True,39,1581.0852,182.05055,1305.8726,1890.2153,452.3711050781251,0.6433131733250735,0.6926779406417928,0.7276723805180833,0.44737039478900503,1.0,0.0,0.6540389488975819,0.5232311591180655,Low,96,True
CAND_00578,Al9.20Cr29.59Cu8.82Mn8.91Nb19.55Ti23.93,6,9.2,0.0,29.59,8.82,0.0,8.91,0.0,19.55,0.0,23.93,0.0,0.0,100.0,True,1219.9692,1455.9663,61.105537,321.389,1.1934450921494002,True,0.7194174,0.6953633522959233,0.7492507387802283,0.2530159725649891,0.6496993161517765,True,40,1581.0852,182.05055,1305.8726,1890.2153,361.116005078125,0.7194173191763347,0.6953633522959233,0.7492507387802283,0.25301597256498914,1.0,0.0,0.6511909530016775,0.520952762401342,Low,104,True
CAND_04522,Al38.86Co29.45Cr20.10V11.59,4,38.86,29.45,20.1,0.0,0.0,0.0,0.0,0.0,0.0,0.0,11.59,0.0,100.0,True,1126.0192,1315.2212,53.57458,609.6942666666666,1.1680273665274372,True,0.64106566,0.5848330023027158,0.6145546702734632,0.8708293004886556,0.6520326694148231,True,38,1581.0852,182.05055,1305.8726,1890.2153,455.06600507812504,0.6410657037298996,0.5848330023027158,0.6145546702734632,0.8708293004886556,1.0,0.0,0.650707122778627,0.5205656982229016,Low,106,True
CAND_04332,Al41.35Fe10.13Mn9.26Nb21.96Ti17.30,5,41.35,0.0,0.0,0.0,10.13,9.26,0.0,21.96,0.0,17.3,0.0,0.0,100.0,True,1196.7888,1425.5958,46.218178,604.763,1.191184090401418,True,0.7000856,0.6715127031829616,0.4829806315748883,0.8602620212105605,0.6612639550755819,True,35,1581.0852,182.05055,1305.8726,1890.2153,384.29640507812496,0.7000855279395647,0.6715127031829616,0.4829806315748883,0.8602620212105605,1.0,0.0,0.6504086855938302,0.5203269484750642,Low,107,True
CAND_00057,Al31.32Co26.90Cu8.54Ni15.44Ti12.02W5.78,6,31.32,26.9,0.0,8.54,0.0,0.0,0.0,0.0,15.44,12.02,0.0,5.78,100.0,True,1009.082,1383.8873,60.79462,511.7126666666667,1.3714319954654988,True,0.54354346,0.638758063037822,0.7436897858320282,0.6608631799554702,0.6397423916790804,True,46,1581.0852,182.05055,1305.8726,1890.2153,572.003205078125,0.5435434203261437,0.638758063037822,0.7436897858320282,0.6608631799554702,1.0,0.0,0.6497496867358116,0.5197997493886493,Low,110,True
CAND_02866,Al30.59Co38.96Nb14.32V16.13,4,30.59,38.96,0.0,0.0,0.0,0.0,0.0,14.32,0.0,0.0,16.13,0.0,100.0,True,1148.5236,1293.2433,57.618034,526.7427333333333,1.126005025516264,True,0.6598337,0.5675732541543562,0.6868744773030284,0.6930713168848031,0.6439014178453849,True,43,1581.0852,182.05055,1305.8726,1890.2153,432.561605078125,0.6598337302828826,0.5675732541543562,0.6868744773030284,0.6930713168848031,1.0,0.0,0.6452534495406564,0.5162027596325252,Low,124,True
CAND_00308,Al23.99Co29.86Cu5.31Mo9.65Ni31.19,5,23.99,29.86,0.0,5.31,0.0,0.0,9.65,0.0,31.19,0.0,0.0,0.0,100.0,True,909.05536,1406.3346,69.046684,403.0148666666667,1.5470285568991946,True,0.4601241,0.6563864417551095,0.8912833224657137,0.4279331668051226,0.6219639727084837,True,58,1581.0852,182.05055,1305.8726,1890.2153,672.029845078125,0.4601240607553187,0.6563864417551095,0.8912833224657137,0.42793316680512267,1.0,0.0,0.643521919475845,0.514817535580676,Low,125,True
CAND_04901,Co32.66Cr30.63Cu5.32Mo8.04V16.90W6.45,6,0.0,32.66,30.63,5.32,0.0,0.0,8.04,0.0,0.0,0.0,16.9,6.45,100.0,True,1241.8062,1190.5748,71.07872,310.48659999999995,0.9587444850010952,False,0.7376287,0.4869453300683481,0.9276276091565304,0.2296530694025482,0.633727083145648,True,52,1581.0852,182.05055,1305.8726,1890.2153,339.279005078125,0.7376287531997919,0.48694533006834817,0.9276276091565305,0.22965306940254826,1.0,0.0,0.6432270304777938,0.5145816243822351,Low,128,True
CAND_00386,Co21.07Cr31.05Nb17.53Ni13.49W16.86,5,0.0,21.07,31.05,0.0,0.0,0.0,0.0,17.53,13.49,0.0,0.0,16.86,100.0,True,890.5892,1536.049,70.20769,297.95,1.724755979150203,True,0.44472384,0.7582541304430916,0.9120486705765536,0.2027882165457228,0.6193237985778481,True,59,1581.0852,182.05055,1305.8726,1890.2153,690.496005078125,0.44472381097253705,0.7582541304430916,0.9120486705765535,0.20278821654572285,1.0,0.0,0.6426900255308862,0.514152020424709,Low,129,True
CAND_01008,Al26.63Co27.65Cu11.42Ni34.30,4,26.63,27.65,0.0,11.42,0.0,0.0,0.0,0.0,34.3,0.0,0.0,0.0,100.0,True,710.60596,1466.0298,71.25704,444.33526666666666,2.063069955288215,True,0.29462296,0.703266449292953,0.93081697844069,0.5164792212365611,0.6095429558559424,True,62,1581.0852,182.05055,1305.8726,1890.2153,870.479245078125,0.29462293170395326,0.703266449292953,0.9308169784406901,0.5164792212365611,1.0,0.0,0.6413526444315654,0.5130821155452523,Low,132,True
CAND_03227,Co22.84Cr28.88Cu6.89Mn14.12Nb15.77W11.50,6,0.0,22.84,28.88,6.89,0.0,14.12,0.0,15.77,0.0,0.0,0.0,11.5,100.0,True,772.6731,1508.9587,74.674736,312.108,1.9529070034810287,True,0.34638518,0.736979497504389,0.9919446962793784,0.2331275898005874,0.6079647190565312,True,63,1581.0852,182.05055,1305.8726,1890.2153,808.412105078125,0.34638515294014327,0.736979497504389,0.9919446962793785,0.23312758980058748,1.0,0.0,0.6402426848402542,0.5121941478722033,Low,134,True
CAND_04076,Al22.89Cr26.30Mn9.89Mo8.33Nb12.88V19.71,6,22.89,0.0,26.3,0.0,0.0,9.89,8.33,12.88,0.0,0.0,19.71,0.0,100.0,True,1394.9462,1345.5483,52.601704,396.2743333333333,0.964587976108999,False,0.86534315,0.6086495684018483,0.5971541496829742,0.4134887850607478,0.6535096896248181,True,37,1581.0852,182.05055,1305.8726,1890.2153,186.1390050781249,0.8653431373346198,0.6086495684018483,0.5971541496829742,0.4134887850607478,1.0,0.0,0.6401002175182139,0.5120801740145712,Low,135,True
CAND_04672,Al23.16Co15.31Cr27.00Fe17.80Mo6.24V10.49,6,23.16,15.31,27.0,0.0,17.8,0.0,6.24,0.0,0.0,0.0,10.49,0.0,100.0,True,1301.5314,1363.0094,55.936855,386.7073333333333,1.047235148724764,True,0.78743786,0.6223621700786839,0.6568054964608678,0.3929875289561223,0.6460895262426087,True,41,1581.0852,182.05055,1305.8726,1890.2153,279.5538050781249,0.7874378633952303,0.6223621700786839,0.6568054964608678,0.3929875289561222,1.0,0.0,0.6395578951540913,0.511646316123273,Low,137,True
CAND_02730,Al18.89Co16.90Cr30.02V5.62W28.57,5,18.89,16.9,30.02,0.0,0.0,0.0,0.0,0.0,0.0,0.0,5.62,28.57,100.0,True,1197.622,1334.1968,61.50688,376.876,1.114038367414918,True,0.7007804,0.5997349755105299,0.7564290196046588,0.3719198293097744,0.6350498424389567,True,50,1581.0852,182.05055,1305.8726,1890.2153,383.46320507812493,0.700780392931475,0.5997349755105299,0.7564290196046588,0.37191982930977446,1.0,0.0,0.6378322711638915,0.5102658169311133,Low,144,True
CAND_01631,Al6.57Co41.42Cr32.61Nb5.82W13.58,5,6.57,41.42,32.61,0.0,0.0,0.0,0.0,5.82,0.0,0.0,0.0,13.58,100.0,True,883.1253,1522.6926,69.33899,310.8006,1.7242090007792457,True,0.43849918,0.7477650436709818,0.8965114055633783,0.2303259443285285,0.6145560168406906,True,60,1581.0852,182.05055,1305.8726,1890.2153,697.959905078125,0.4384991316481023,0.7477650436709818,0.8965114055633783,0.23032594432852851,1.0,0.0,0.637456609331613,0.5099652874652904,Low,148,True
CAND_00731,Al27.71Co16.33Cr34.20V21.76,4,27.71,16.33,34.2,0.0,0.0,0.0,0.0,0.0,0.0,0.0,21.76,0.0,100.0,True,1093.1393,1288.2065,60.325542,487.0054666666667,1.1784468099765977,True,0.6136448,0.5636177397751999,0.7353000204379334,0.6079177806842038,0.6281914396841484,True,53,1581.0852,182.05055,1305.8726,1890.2153,487.94590507812495,0.6136448066493542,0.5636177397751999,0.7353000204379334,0.6079177806842038,1.0,0.0,0.6342741968289092,0.5074193574631274,Low,152,True
CAND_03639,Al32.75Fe10.14Mn16.22Nb30.36Ti10.53,5,32.75,0.0,0.0,0.0,10.14,16.22,0.0,30.36,0.0,10.53,0.0,0.0,100.0,True,1174.2192,1523.8143,43.641518,529.8697333333334,1.297725544192638,True,0.68126315,0.7486459403671182,0.436895390100446,0.6997722082655042,0.6431624084906961,True,44,1581.0852,182.05055,1305.8726,1890.2153,406.866005078125,0.6812631264496247,0.7486459403671182,0.436895390100446,0.6997722082655042,1.0,0.0,0.6309440119925009,0.5047552095940008,Low,160,True
CAND_03980,Al29.64Cr23.54Ti5.41V24.17W17.24,5,29.64,0.0,23.54,0.0,0.0,0.0,0.0,0.0,0.0,5.41,24.17,17.24,100.0,True,1226.9988,1387.8925,49.728493,489.54673333333335,1.1311278571893315,True,0.7252798,0.641903438314068,0.5457649005224238,0.6133634960352522,0.6386007353643732,True,48,1581.0852,182.05055,1305.8726,1890.2153,354.0864050781249,0.7252798047105792,0.641903438314068,0.5457649005224238,0.6133634960352522,1.0,0.0,0.6296249772338802,0.5036999817871042,Low,164,True
CAND_04489,Al19.20Cr21.85Fe12.21Nb23.68Ni15.92V7.14,6,19.2,0.0,21.85,0.0,12.21,0.0,0.0,23.68,15.92,0.0,7.14,0.0,100.0,True,1456.29,1320.6746,52.95788,333.533,0.9068760786485888,False,0.9165022,0.5891156822017175,0.603524589309235,0.2790395174729617,0.6444224329233587,True,42,1581.0852,182.05055,1305.8726,1890.2153,124.79520507812504,0.9165021136797291,0.5891156822017175,0.603524589309235,0.2790395174729617,1.0,0.0,0.6287735374941623,0.5030188299953299,Low,167,True
CAND_03972,Al24.13Cr23.07Nb40.09Ti6.66V6.05,5,24.13,0.0,23.07,0.0,0.0,0.0,0.0,40.09,0.0,6.66,6.05,0.0,100.0,True,1234.6438,1440.3177,51.320038,416.6153333333333,1.166585618756675,True,0.73165554,0.6830741483740553,0.5742307189239363,0.4570777941988465,0.636538260758129,True,49,1581.0852,182.05055,1305.8726,1890.2153,346.44140507812494,0.7316555162602119,0.6830741483740553,0.5742307189239363,0.45707779419884653,1.0,0.0,0.6286670083842775,0.502933606707422,Low,169,True
CAND_00322,Al5.82Co31.87Cr31.76Mo13.48W17.07,5,5.82,31.87,31.76,0.0,0.0,0.0,13.48,0.0,0.0,0.0,0.0,17.07,100.0,True,797.5601,1510.0226,71.20815,312.0046,1.8933025396287275,True,0.36714023,0.7378150025369463,0.9299425489638924,0.2329060125160449,0.5989081144048201,True,68,1581.0852,182.05055,1305.8726,1890.2153,783.525105078125,0.3671401998120479,0.7378150025369463,0.9299425489638924,0.2329060125160449,1.0,0.0,0.6270482172806703,0.5016385738245362,Low,173,True
CAND_00740,Al33.78Cr21.56Nb17.40Ti10.67V16.59,5,33.78,0.0,21.56,0.0,0.0,0.0,0.0,17.4,0.0,10.67,16.59,0.0,100.0,True,1255.3391,1372.4258,46.316868,526.7241333333333,1.09327096369044,True,0.74891484,0.6297570846275814,0.4847457664708826,0.6930314586885508,0.6387427490813724,True,47,1581.0852,182.05055,1305.8726,1890.2153,325.7461050781251,0.748914805106924,0.6297570846275814,0.4847457664708826,0.6930314586885508,1.0,0.0,0.6255342754095528,0.5004274203276422,Low,181,True
CAND_03088,Co22.25Cr38.06Cu8.56Nb31.13,4,0.0,22.25,38.06,8.56,0.0,0.0,0.0,31.13,0.0,0.0,0.0,0.0,100.0,True,765.9711,1485.8727,72.56583,316.658,1.939854703505773,True,0.34079593,0.7188495330513233,0.9542255395971234,0.2428778474859692,0.5928817036877755,True,78,1581.0852,182.05055,1305.8726,1890.2153,815.114105078125,0.3407958764449649,0.7188495330513233,0.9542255395971234,0.2428778474859692,1.0,0.0,0.6235531680286706,0.49884253442293647,Low,187,True
CAND_04263,Al27.32Co28.42Nb7.83Ni29.18W7.25,5,27.32,28.42,0.0,0.0,0.0,0.0,0.0,7.83,29.18,0.0,0.0,7.25,100.0,True,811.9239,1446.6874,63.70347,458.7796,1.7818017419051866,True,0.37911922,0.6880764196456784,0.7957164617081358,0.547432182136242,0.6012026413104891,True,66,1581.0852,182.05055,1305.8726,1890.2153,769.161305078125,0.37911919857681103,0.6880764196456784,0.7957164617081358,0.5474321821362421,1.0,0.0,0.6220324913707833,0.4976259930966267,Low,196,True
CAND_00936,Al34.37Cr21.99Fe16.65Mn6.33V20.66,5,34.37,0.0,21.99,0.0,16.65,6.33,0.0,0.0,0.0,0.0,20.66,0.0,100.0,True,1249.2396,1375.1302,47.158607,502.9301333333333,1.1007737615391238,True,0.74382806,0.631880911876428,0.4998008164477735,0.6420429682784473,0.6339693433697104,True,51,1581.0852,182.05055,1305.8726,1890.2153,331.8456050781249,0.7438279963957423,0.631880911876428,0.4998008164477735,0.6420429682784471,1.0,0.0,0.6217679628379631,0.4974143702703705,Low,199,True
CAND_04841,Co43.97Cr30.51Mn8.57W16.95,4,0.0,43.97,30.51,0.0,0.0,8.57,0.0,0.0,0.0,0.0,0.0,16.95,100.0,True,735.71533,1564.1984,69.82617,311.2206,2.1260918889394023,True,0.31556344,0.7803604988644348,0.905224937011656,0.2312259681148714,0.5897673156966863,True,83,1581.0852,182.05055,1305.8726,1890.2153,845.369875078125,0.3155634288017953,0.7803604988644348,0.905224937011656,0.23122596811487148,1.0,0.0,0.6192503831805067,0.4954003065444054,Low,208,True
CAND_02732,Al18.14Cr34.49V38.64W8.73,4,18.14,0.0,34.49,0.0,0.0,0.0,0.0,0.0,0.0,0.0,38.64,8.73,100.0,True,1311.042,1207.789,60.377052,356.902,0.9212435659553356,False,0.79536945,0.5004640355213484,0.7362213103203192,0.3291172695278374,0.6221729774501067,True,57,1581.0852,182.05055,1305.8726,1890.2153,270.0432050781251,0.7953694320366869,0.5004640355213484,0.7362213103203192,0.3291172695278374,1.0,0.0,0.6192155521908477,0.49537244175267814,Low,209,True
CAND_02210,Al44.40Co29.14Ti11.47V14.99,4,44.4,29.14,0.0,0.0,0.0,0.0,0.0,0.0,0.0,11.47,14.99,0.0,100.0,True,984.94666,1164.7622,56.059692,666.5282,1.182563739633841,True,0.5234152,0.4666741041980715,0.6590025161712667,0.9926195192301508,0.610670350545617,True,61,1581.0852,182.05055,1305.8726,1890.2153,596.138545078125,0.5234152364160962,0.4666741041980715,0.6590025161712667,0.9926195192301509,1.0,0.0,0.6174497230993481,0.4939597784794785,Low,216,True
CAND_01075,Co33.48Cr36.60Mn9.08V20.84,4,0.0,33.48,36.6,0.0,0.0,9.08,0.0,0.0,0.0,0.0,20.84,0.0,100.0,True,977.58575,1323.6251,70.36197,309.8706,1.3539733921550323,True,0.5172765,0.5914327774160798,0.9148080688109644,0.228333034515912,0.5955647632541828,True,73,1581.0852,182.05055,1305.8726,1890.2153,603.499455078125,0.5172764478087962,0.5914327774160798,0.9148080688109643,0.22833303451591214,1.0,0.0,0.6154413209976991,0.4923530567981593,Low,223,True
CAND_01936,Al17.79Co15.65Cr34.56Mn9.73Ni14.11V8.16,6,17.79,15.65,34.56,0.0,0.0,9.73,0.0,0.0,14.11,0.0,8.16,0.0,100.0,True,1133.0338,1233.8993,65.70398,352.017,1.089022485757901,True,0.6469157,0.5209690520187443,0.8314968853659086,0.3186491357271583,0.6060370125492849,True,64,1581.0852,182.05055,1305.8726,1890.2153,448.0514050781251,0.6469156796927581,0.5209690520187443,0.8314968853659086,0.31864913572715836,1.0,0.0,0.6152660714976591,0.4922128571981273,Low,225,True
CAND_03976,Al25.16Co25.52Cr5.73Cu6.62Mn18.00Ni18.97,6,25.16,25.52,5.73,6.62,0.0,18.0,0.0,0.0,18.97,0.0,0.0,0.0,100.0,True,773.31116,1342.4711,71.042336,405.80293333333327,1.7360037902656131,True,0.3469173,0.6062329727761455,0.9269768576309874,0.4339077532763363,0.5827754626371923,True,88,1581.0852,182.05055,1305.8726,1890.2153,807.774045078125,0.34691727674803846,0.6062329727761455,0.9269768576309874,0.43390775327633635,1.0,0.0,0.6117784313006,0.48942274504048,Low,238,True
CAND_01377,Co31.47Cr29.98Mn18.15Nb20.40,4,0.0,31.47,29.98,0.0,0.0,18.15,0.0,20.4,0.0,0.0,0.0,0.0,100.0,True,697.14166,1463.7098,75.125114,289.7996,2.099587327123721,True,0.2833941,0.7014445001665945,1.0,0.1853226120976053,0.5732499743294095,True,96,1581.0852,182.05055,1305.8726,1890.2153,883.943545078125,0.2833940902366256,0.7014445001665945,1.0,0.1853226120976053,1.0,0.0,0.6090802644237755,0.48726421153902044,Low,258,True
CAND_01843,Al17.41Cr17.19Fe8.04Nb14.10Ni23.56V19.70,6,17.41,0.0,17.19,0.0,8.04,0.0,0.0,14.1,23.56,0.0,19.7,0.0,100.0,True,1556.4108,1155.24,52.974205,316.05420000000004,0.7422462146817946,False,1.0,0.4591961024864289,0.6038165725616121,0.2415839561474124,0.6249505792293725,True,56,1581.0852,182.05055,1305.8726,1890.2153,24.67440507812489,1.0,0.4591961024864289,0.6038165725616121,0.24158395614741243,1.0,0.0,0.6051413959365242,0.48411311674921936,Low,271,True
CAND_03966,Co26.24Cr44.47Fe6.21Mn6.80Mo16.28,5,0.0,26.24,44.47,0.0,6.21,6.8,16.28,0.0,0.0,0.0,0.0,0.0,100.0,True,724.071,1495.7389,70.17137,312.6196,2.0657351741552583,True,0.30585238,0.7265976858403227,0.9113990637326734,0.2342239044889042,0.5727183753513834,True,97,1581.0852,182.05055,1305.8726,1890.2153,857.014205078125,0.30585239031013606,0.7265976858403227,0.9113990637326734,0.2342239044889042,1.0,0.0,0.6029957081227686,0.4823965664982149,Low,283,True
CAND_02852,Al12.22Co29.38Mn18.83Ni32.64Ti6.93,5,12.22,29.38,0.0,0.0,0.0,18.83,0.0,0.0,32.64,6.93,0.0,0.0,100.0,True,834.95654,1459.1249,67.545586,311.1600666666667,1.7475459199492862,True,0.3983278,0.6978438732056285,0.8644352075391024,0.2310962504009034,0.5796247436822191,True,89,1581.0852,182.05055,1305.8726,1890.2153,746.128665078125,0.39832776219571664,0.6978438732056285,0.8644352075391024,0.2310962504009034,1.0,0.0,0.602930102332484,0.4823440818659872,Low,284,True
CAND_04479,Co22.45Cr33.20Nb15.88Ni6.41W22.06,5,0.0,22.45,33.2,0.0,0.0,0.0,0.0,15.88,6.41,0.0,0.0,22.06,100.0,True,745.713,1538.4269,67.464615,312.12,2.0630281003673177,True,0.32390124,0.7601215497653191,0.8629869884929624,0.2331533047659115,0.5759265830552559,True,91,1581.0852,182.05055,1305.8726,1890.2153,835.372205078125,0.3239011999055777,0.7601215497653191,0.8629869884929624,0.23315330476591156,1.0,0.0,0.6028808571687656,0.4823046857350125,Low,285,True
CAND_01691,Al12.75Co22.94Cr21.91Ni32.15V10.25,5,12.75,22.94,21.91,0.0,0.0,0.0,0.0,0.0,32.15,0.0,10.25,0.0,100.0,True,1069.3169,1213.1747,67.91158,327.4672,1.134532434869845,True,0.5937776,0.5046935490600678,0.8709812484867622,0.2660410310843928,0.5871928105875291,True,87,1581.0852,182.05055,1305.8726,1890.2153,511.76830507812497,0.5937776057572717,0.5046935490600678,0.8709812484867622,0.2660410310843928,1.0,0.0,0.6010529953660259,0.4808423962928207,Low,291,True
CAND_01630,Al17.32Co24.06Cr14.28Cu8.76Fe15.46V20.12,6,17.32,24.06,14.28,8.76,15.46,0.0,0.0,0.0,0.0,0.0,20.12,0.0,100.0,True,1245.8169,1131.2153,62.471924,344.396,0.9080108842364272,False,0.7409736,0.4403289554277973,0.7736894597766109,0.3023179898325883,0.5931608305689637,True,77,1581.0852,182.05055,1305.8726,1890.2153,335.26830507812497,0.7409735623969289,0.4403289554277973,0.7736894597766109,0.30231798983258834,1.0,0.0,0.5947966136354429,0.47583729090835436,Low,329,True
CAND_01007,Al30.44Co22.57Cr17.66V29.33,4,30.44,22.57,17.66,0.0,0.0,0.0,0.0,0.0,0.0,0.0,29.33,0.0,100.0,True,1207.0919,1095.5669,54.428764,524.5163333333333,0.9076085116676478,False,0.70867807,0.4123334505846599,0.6298323071768983,0.6883003336516748,0.5970065969376848,True,72,1581.0852,182.05055,1305.8726,1890.2153,373.9933050781251,0.7086780189359049,0.4123334505846599,0.6298323071768983,0.6883003336516748,1.0,0.0,0.5930642821101949,0.47445142568815596,Low,337,True
CAND_01308,Co31.27Cr42.02Cu10.27W16.44,4,0.0,31.27,42.02,10.27,0.0,0.0,0.0,0.0,0.0,0.0,0.0,16.44,100.0,True,592.0663,1452.3546,74.939224,310.4086,2.4530270322895493,True,0.19576424,0.6925270015805486,0.996675236337862,0.2294859221279417,0.5500790739388794,True,111,1581.0852,182.05055,1305.8726,1890.2153,989.018905078125,0.19576424244933732,0.6925270015805486,0.9966752363378621,0.22948592212794178,1.0,0.0,0.5901246203070488,0.4720996962456391,Low,358,True
CAND_02345,Al35.20Co15.95Fe13.86Nb14.34V20.65,5,35.2,15.95,0.0,0.0,13.86,0.0,0.0,14.34,0.0,0.0,20.65,0.0,100.0,True,1219.8193,1189.6802,49.196136,523.3634000000001,0.9752921313430924,False,0.71929234,0.4862427802026411,0.5362433490194667,0.6858296969277046,0.5985958346141226,True,70,1581.0852,182.05055,1305.8726,1890.2153,361.2659050781249,0.7192923068596193,0.4862427802026411,0.5362433490194667,0.6858296969277046,1.0,0.0,0.5894433700206928,0.47155469601655425,Low,362,True
CAND_04148,Al13.89Cr24.53Mo16.95Nb21.38V23.25,5,13.89,0.0,24.53,0.0,0.0,0.0,16.95,21.38,0.0,0.0,23.25,0.0,100.0,True,1397.4514,1173.2389,52.966488,355.567,0.8395561280728503,False,0.8674324,0.473331050818504,0.6036785489929386,0.3262564796355331,0.6020871610056594,True,65,1581.0852,182.05055,1305.8726,1890.2153,183.63380507812508,0.8674324025503345,0.473331050818504,0.6036785489929386,0.3262564796355331,1.0,0.0,0.5888994525263463,0.4711195620210771,Low,370,True
CAND_00213,Al34.41Cr15.80Cu10.43Nb12.29Ni19.86V7.21,6,34.41,0.0,15.8,10.43,0.0,0.0,0.0,12.29,19.86,0.0,7.21,0.0,100.0,True,1308.9872,1108.6866,52.529087,467.0986666666667,0.8469804859229356,False,0.7936558,0.4226366514265072,0.5958553473651869,0.5652592247080817,0.5986404746987202,True,69,1581.0852,182.05055,1305.8726,1890.2153,272.09800507812497,0.7936557875511167,0.4226366514265072,0.5958553473651869,0.5652592247080817,1.0,0.0,0.5887504302314996,0.47100034418519976,Low,372,True
CAND_03975,Al6.49Co24.09Cr30.56Mo16.62Nb9.75V12.49,6,6.49,24.09,30.56,0.0,0.0,0.0,16.62,9.75,0.0,0.0,12.49,0.0,100.0,True,1361.3279,1026.702,63.10224,313.445,0.7541915613686444,False,0.83730644,0.3582522676571745,0.78496307176469,0.2359926655204457,0.5903072919502876,True,80,1581.0852,182.05055,1305.8726,1890.2153,219.757305078125,0.8373064357533223,0.35825226765717455,0.78496307176469,0.23599266552044576,1.0,0.0,0.5876901105929568,0.4701520884743655,Low,382,True
CAND_00392,Al12.64Cr22.70Fe21.83Ni25.20Ti8.75V8.88,6,12.64,0.0,22.7,0.0,21.83,0.0,0.0,0.0,25.2,8.75,8.88,0.0,100.0,True,1459.3134,1190.5942,55.04424,262.1693333333334,0.8158591822208764,False,0.9190235,0.4869605653325944,0.6408404961043175,0.1261133329952291,0.6009223596342547,True,67,1581.0852,182.05055,1305.8726,1890.2153,121.771805078125,0.9190235428882523,0.4869605653325944,0.6408404961043175,0.12611333299522914,1.0,0.0,0.5870132041024211,0.4696105632819369,Low,389,True
CAND_03370,Al33.39Co20.94Cu9.32V36.35,4,33.39,20.94,0.0,9.32,0.0,0.0,0.0,0.0,0.0,0.0,36.35,0.0,100.0,True,995.3512,1083.4736,60.883224,534.8253333333332,1.0885339808094687,True,0.53209233,0.4028363051666464,0.7452745260521588,0.7103916317788395,0.5733559736423138,True,95,1581.0852,182.05055,1305.8726,1890.2153,585.734005078125,0.5320923254738615,0.4028363051666464,0.7452745260521588,0.7103916317788395,1.0,0.0,0.5840150755009329,0.46721206040074637,Low,414,True
CAND_04251,Al14.84Cr22.89Nb19.02V43.25,4,14.84,0.0,22.89,0.0,0.0,0.0,0.0,19.02,0.0,0.0,43.25,0.0,100.0,True,1349.7551,1185.0232,53.607872,348.64,0.8779542128319355,False,0.8276551,0.4825855314606361,0.6151501193661519,0.3114125159022058,0.5935715957197014,True,76,1581.0852,182.05055,1305.8726,1890.2153,231.33010507812492,0.827655051237745,0.48258553146063615,0.6151501193661519,0.31141251590220587,1.0,0.0,0.5829463354428036,0.4663570683542429,Low,428,True
CAND_01926,Co8.52Cr31.70Nb20.20Ni10.13V29.45,5,0.0,8.52,31.7,0.0,0.0,0.0,0.0,20.2,10.13,0.0,29.45,0.0,100.0,True,1279.6014,1049.4783,64.77961,302.761,0.8201602990127828,False,0.76914895,0.3761390176083294,0.8149639261622379,0.2130977747269034,0.5792920427350815,True,90,1581.0852,182.05055,1305.8726,1890.2153,301.483805078125,0.769148870029181,0.3761390176083294,0.8149639261622379,0.21309777472690342,1.0,0.0,0.581582766847501,0.4652662134780008,Low,438,True
CAND_03778,Al41.92Fe16.80Mo7.00Nb12.60V21.68,5,41.92,0.0,0.0,0.0,16.8,0.0,7.0,12.6,0.0,0.0,21.68,0.0,100.0,True,1275.6289,1185.5498,43.232178,563.517,0.9293845523500968,False,0.76583594,0.4829990824994035,0.4295740777250653,0.7718753995641313,0.5978253512682263,True,71,1581.0852,182.05055,1305.8726,1890.2153,305.45630507812507,0.7658359185405065,0.4829990824994035,0.42957407772506534,0.7718753995641313,1.0,0.0,0.5810122376370869,0.4648097901096695,Low,441,True
CAND_02290,Cr29.51Mo11.10Ni26.56Ti6.05V26.78,5,0.0,0.0,29.51,0.0,0.0,0.0,11.1,0.0,26.56,6.05,26.78,0.0,100.0,True,1413.4071,1165.3151,55.747944,271.8514,0.8244723663099722,False,0.88073903,0.4671083092290903,0.6534267002470955,0.1468611670451289,0.5897400707353233,True,84,1581.0852,182.05055,1305.8726,1890.2153,167.6781050781251,0.880739000427702,0.46710830922909036,0.6534267002470955,0.14686116704512894,1.0,0.0,0.5783744280065506,0.46269954240524047,Low,456,True
CAND_02963,Cr30.80Cu13.72Fe16.51Nb18.03V20.94,5,0.0,0.0,30.8,13.72,16.51,0.0,0.0,18.03,0.0,0.0,20.94,0.0,100.0,True,1439.8153,1157.8617,53.86417,289.103,0.8041737672008747,False,0.9027627,0.4612549835315038,0.6197341759430447,0.1838298583605422,0.5917133311137316,True,79,1581.0852,182.05055,1305.8726,1890.2153,141.26990507812502,0.9027626846324126,0.46125498353150385,0.6197341759430447,0.18382985836054228,1.0,0.0,0.577561897754549,0.46204951820363926,Low,464,True
CAND_01800,Co43.52Cr5.10Ni41.93V9.45,4,0.0,43.52,5.1,0.0,0.0,0.0,0.0,0.0,41.93,0.0,9.45,0.0,100.0,True,992.8769,1113.2144,73.30124,283.3956,1.1212008345333382,True,0.5300289,0.4261924364499236,0.9673788261901236,0.1715993922696527,0.554451013195934,True,109,1581.0852,182.05055,1305.8726,1890.2153,588.208305078125,0.5300288299752014,0.42619243644992366,0.9673788261901235,0.1715993922696527,1.0,0.0,0.5763184951262623,0.46105479610100986,Low,477,True
CAND_03081,Al9.60Co24.98Cr38.07Ni19.25V8.10,5,9.6,24.98,38.07,0.0,0.0,0.0,0.0,0.0,19.25,0.0,8.1,0.0,100.0,True,1129.1442,997.06464,71.25105,310.1896,0.8830268719189696,False,0.6436719,0.3349773701746001,0.9307098433912728,0.2290166240107772,0.5606247355120001,True,103,1581.0852,182.05055,1305.8726,1890.2153,451.94100507812504,0.6436718644352759,0.33497737017460016,0.9307098433912727,0.22901662401077727,1.0,0.0,0.5749766237801974,0.45998129902415796,Low,495,True
CAND_01598,Al17.87Co22.84Cu5.90Mn5.41Mo23.14Ni24.84,6,17.87,22.84,0.0,5.9,0.0,5.41,23.14,0.0,24.84,0.0,0.0,0.0,100.0,True,923.1164,1238.0392,67.23536,334.14340000000004,1.3411517853970345,True,0.4718506,0.5242202102895251,0.858886613575735,0.2803475520424468,0.5555950393735231,True,107,1581.0852,182.05055,1305.8726,1890.2153,657.968805078125,0.47185056633123085,0.5242202102895251,0.858886613575735,0.2803475520424468,1.0,0.0,0.5749468215487528,0.4599574572390022,Low,496,True
CAND_03807,Al25.02Cr20.32Fe13.53Nb29.42V11.71,5,25.02,0.0,20.32,0.0,13.53,0.0,0.0,29.42,0.0,0.0,11.71,0.0,100.0,True,1381.5587,1275.4993,42.52534,417.5433333333333,0.9232320605662142,False,0.85417837,0.5536384846293106,0.4169318199520911,0.459066418183909,0.5954379738179796,True,75,1581.0852,182.05055,1305.8726,1890.2153,199.52650507812496,0.8541783448727874,0.5536384846293106,0.41693181995209116,0.459066418183909,1.0,0.0,0.5735756403202037,0.458860512256163,Low,513,True
CAND_00631,Cr36.55Fe21.66Nb29.98V11.81,4,0.0,0.0,36.55,0.0,21.66,0.0,0.0,29.98,0.0,0.0,11.81,0.0,100.0,True,1352.316,1062.1058,62.423313,259.1936666666668,0.7853976204921155,False,0.82979083,0.386055682519145,0.7728200203964386,0.1197367358994487,0.5759194843245864,True,92,1581.0852,182.05055,1305.8726,1890.2153,228.76920507812497,0.8297907686618724,0.386055682519145,0.7728200203964386,0.11973673589944889,1.0,0.0,0.5730709134250606,0.45845673074004845,Low,519,True
CAND_02959,Al38.92Co8.75Cr15.41Nb11.48V14.14W11.30,6,38.92,8.75,15.41,0.0,0.0,0.0,0.0,11.48,0.0,0.0,14.14,11.3,100.0,True,1268.5579,1212.8925,40.1311,568.459,0.9561191783007472,False,0.7599389,0.5044719309378874,0.3741092789308588,0.7824656794500995,0.5902204226225367,True,81,1581.0852,182.05055,1305.8726,1890.2153,312.527305078125,0.7599389065892374,0.5044719309378874,0.3741092789308588,0.7824656794500995,1.0,0.0,0.5709289415254482,0.4567431532203585,Low,542,True
CAND_03839,Al17.57Cr18.24Fe11.97Nb27.65V24.57,5,17.57,0.0,18.24,0.0,11.97,0.0,0.0,27.65,0.0,0.0,24.57,0.0,100.0,True,1502.2616,1217.4037,43.300552,355.659,0.8103806305710783,False,0.95484114,0.5080146796011756,0.4307969912257111,0.3264536277030177,0.595524048842874,True,74,1581.0852,182.05055,1305.8726,1890.2153,78.82360507812496,0.9548411144743788,0.5080146796011756,0.4307969912257111,0.3264536277030177,1.0,0.0,0.5693218240221133,0.45545745921769065,Low,555,True
CAND_03527,Cr30.81Fe33.24Ni23.01Ti12.94,4,0.0,0.0,30.81,0.0,33.24,0.0,0.0,0.0,23.01,12.94,0.0,0.0,100.0,True,1479.1033,1299.0769,48.083847,225.0900000000001,0.878286814075053,False,0.93552774,0.5721545138196686,0.5163493361678037,0.0466555187529956,0.5883903504944379,True,85,1581.0852,182.05055,1305.8726,1890.2153,101.98190507812501,0.9355277540061172,0.5721545138196686,0.5163493361678037,0.04665551875299566,1.0,0.0,0.5674314213107204,0.45394513704857636,Low,571,True
CAND_01172,Co23.53Cr25.03Nb21.18V30.26,4,0.0,23.53,25.03,0.0,0.0,0.0,0.0,21.18,0.0,0.0,30.26,0.0,100.0,True,1089.5165,1085.513,67.027145,316.508,0.9963254530174216,False,0.6106235,0.4044378926874634,0.8551625527552927,0.242556410419418,0.5546925201655112,True,108,1581.0852,182.05055,1305.8726,1890.2153,491.56870507812505,0.6106234949682541,0.4044378926874634,0.8551625527552927,0.24255641041941806,1.0,0.0,0.5669194689378031,0.4535355751502425,Low,576,True
CAND_03968,Al6.59Co37.55Cr14.24Cu10.15V15.61W15.86,6,6.59,37.55,14.24,10.15,0.0,0.0,0.0,0.0,0.0,0.0,15.61,15.86,100.0,True,1073.1891,1003.3445,71.175964,315.51059999999995,0.9349186571446608,False,0.5970069,0.3399090880369509,0.9293668814011962,0.2404190682182312,0.5494793850742963,True,112,1581.0852,182.05055,1305.8726,1890.2153,507.89610507812495,0.5970069099119464,0.3399090880369509,0.9293668814011962,0.24041906821823125,1.0,0.0,0.5660973785421654,0.4528779028337323,Low,588,True
CAND_00636,Al43.83Cr17.10Nb10.03V12.57W16.47,5,43.83,0.0,17.1,0.0,0.0,0.0,0.0,10.03,0.0,0.0,12.57,16.47,100.0,True,1298.4084,1208.4036,33.996464,633.6466666666666,0.9306806363936015,False,0.78483343,0.5009466949752536,0.2643873204971474,0.9221572284410372,0.5901544671573487,True,82,1581.0852,182.05055,1305.8726,1890.2153,282.67680507812497,0.7848333706327053,0.5009466949752536,0.26438732049714747,0.9221572284410372,1.0,0.0,0.5641321315660522,0.4513057052528418,Low,605,True
CAND_04908,Al18.77Co23.71Mo11.61Ni17.90V28.01,5,18.77,23.71,0.0,0.0,0.0,0.0,11.61,0.0,17.9,0.0,28.01,0.0,100.0,True,1198.8767,961.1636,65.49412,349.8183333333333,0.8017201375229376,False,0.7018268,0.3067834613541855,0.827743402649591,0.3139375826361124,0.5566095846162691,True,106,1581.0852,182.05055,1305.8726,1890.2153,382.208505078125,0.7018267768793264,0.3067834613541855,0.827743402649591,0.3139375826361124,1.0,0.0,0.5629053908163814,0.45032431265310513,Low,616,True
CAND_00646,Al29.52Cr12.67Fe11.11Nb11.21V22.75W12.74,6,29.52,0.0,12.67,0.0,11.11,0.0,0.0,11.21,0.0,0.0,22.75,12.74,100.0,True,1379.5664,1238.8062,38.7182,475.7453333333333,0.8979677921901412,False,0.85251683,0.5248225529532825,0.3488386426500769,0.5837882858332683,0.5879797362951372,True,86,1581.0852,182.05055,1305.8726,1890.2153,201.51880507812507,0.8525168236013245,0.5248225529532825,0.3488386426500769,0.5837882858332683,1.0,0.0,0.5627958074563292,0.45023664596506335,Low,618,True
CAND_03492,Co28.82Nb22.54Ni34.18V14.46,4,0.0,28.82,0.0,0.0,0.0,0.0,0.0,22.54,34.18,0.0,14.46,0.0,100.0,True,1037.9995,1046.3583,71.31049,284.9624,1.0080527863326345,True,0.5676598,0.373688810162537,0.9317729664859924,0.1749569095754672,0.5415913716127896,True,113,1581.0852,182.05055,1305.8726,1890.2153,543.0857050781251,0.5676597890294143,0.373688810162537,0.9317729664859925,0.17495690957546722,1.0,0.0,0.5597970166882325,0.447837613350586,Low,656,True
CAND_00996,Al25.07Cr10.08Mo6.17Nb37.41V21.27,5,25.07,0.0,10.08,0.0,0.0,0.0,6.17,37.41,0.0,0.0,21.27,0.0,100.0,True,1264.4738,1207.0043,47.151436,422.1533333333333,0.954550693787916,False,0.75653285,0.4998477926422736,0.4996725584445393,0.4689452506959111,0.57217413427376,True,98,1581.0852,182.05055,1305.8726,1890.2153,316.611405078125,0.7565328838894525,0.49984779264227364,0.4996725584445393,0.4689452506959111,1.0,0.0,0.5593311139027937,0.447464891122235,Low,665,True
CAND_00422,Co27.39Cu16.43Mo11.29Ni24.89V6.96W13.04,6,0.0,27.39,0.0,16.43,0.0,0.0,11.29,0.0,24.89,0.0,6.96,13.04,100.0,True,1015.81134,1058.1865,71.3209,287.0666,1.0417155804286629,True,0.54915553,0.382977766479948,0.9319591561127762,0.1794660287450452,0.5395496951989897,True,114,1581.0852,182.05055,1305.8726,1890.2153,565.273865078125,0.5491554976001012,0.382977766479948,0.9319591561127762,0.17946602874504528,1.0,0.0,0.5586898554895995,0.4469518843916796,Low,673,True
CAND_00361,Al12.33Cr26.16Ni32.02Ti18.22V11.27,5,12.33,0.0,26.16,0.0,0.0,0.0,0.0,0.0,32.02,18.22,11.27,0.0,100.0,True,1490.7823,1002.51025,53.72059,311.1756,0.6724725785218721,False,0.9452678,0.3392539324082161,0.6171661541742043,0.2311295369949061,0.5743175116120353,True,93,1581.0852,182.05055,1305.8726,1890.2153,90.30290507812492,0.9452677062871062,0.33925393240821616,0.6171661541742043,0.23112953699490613,1.0,0.0,0.5579123830957385,0.4463299064765909,Low,685,True
CAND_04428,Cr21.89Cu9.90Ni29.20Ti18.96V20.05,5,0.0,0.0,21.89,9.9,0.0,0.0,0.0,0.0,29.2,18.96,20.05,0.0,100.0,True,1421.952,1034.1333,56.970955,267.97720000000004,0.7272631430766413,False,0.88786525,0.3640882377186865,0.6753010481474391,0.1385590904902486,0.5651951943705373,True,100,1581.0852,182.05055,1305.8726,1890.2153,159.133205078125,0.8878652028633407,0.36408823771868654,0.6753010481474391,0.13855909049024862,1.0,0.0,0.5545669500492102,0.4436535600393682,Low,724,True
CAND_02991,Al39.33Co12.46Ni26.90V21.31,4,39.33,12.46,0.0,0.0,0.0,0.0,0.0,0.0,26.9,0.0,21.31,0.0,100.0,True,837.3393,1035.7572,64.11937,526.51,1.2369623722252558,True,0.40031493,0.3653635235748476,0.8031551039539971,0.6925725894184345,0.5343782070546399,True,115,1581.0852,182.05055,1305.8726,1890.2153,743.745905078125,0.40031491595006624,0.36536352357484764,0.8031551039539971,0.6925725894184345,1.0,0.0,0.5545202056589351,0.44361616452714814,Low,725,True
CAND_01328,Al39.60Cr18.05Ni12.15Ti12.22V17.98,5,39.6,0.0,18.05,0.0,0.0,0.0,0.0,0.0,12.15,12.22,17.98,0.0,100.0,True,1276.2086,1051.8529,44.589046,549.6701333333333,0.824201376662996,False,0.7663194,0.3780038453649894,0.4538425452096942,0.7422027582157527,0.5680880337987022,True,99,1581.0852,182.05055,1305.8726,1890.2153,304.87660507812507,0.7663193717759966,0.3780038453649894,0.4538425452096942,0.7422027582157527,1.0,0.0,0.5524641738487671,0.4419713390790137,Low,758,True
CAND_02065,Al34.68Cr12.71Fe15.18Nb25.19V12.24,5,34.68,0.0,12.71,0.0,15.18,0.0,0.0,25.19,0.0,0.0,12.24,0.0,100.0,True,1330.7449,1153.32,39.461815,522.0979333333333,0.8666725105311562,False,0.8118011,0.4576882825197872,0.3621386810094326,0.6831179109733613,0.5738491733756044,True,94,1581.0852,182.05055,1305.8726,1890.2153,250.34030507812508,0.8118010876405142,0.45768828251978727,0.3621386810094326,0.6831179109733613,1.0,0.0,0.5513660476148986,0.4410928380919189,Low,772,True
CAND_00522,Cr28.66Cu7.04Ni27.51Ti14.25V22.54,5,0.0,0.0,28.66,7.04,0.0,0.0,0.0,0.0,27.51,14.25,22.54,0.0,100.0,True,1505.4255,938.1738,57.119373,270.40540000000004,0.6231950879493006,False,0.9574798,0.2887290449640317,0.677955600695759,0.1437625137235769,0.5649159232072662,True,101,1581.0852,182.05055,1305.8726,1890.2153,75.65970507812494,0.9574797166682157,0.2887290449640317,0.677955600695759,0.14376251372357693,1.0,0.0,0.5509396999235276,0.44075175993882215,Low,779,True
CAND_02663,Al5.86Co25.68Ni38.81V29.65,4,5.86,25.68,0.0,0.0,0.0,0.0,0.0,0.0,38.81,0.0,29.65,0.0,100.0,True,1019.1617,990.4496,72.60117,284.5384,0.9718277456537316,False,0.5519496,0.3297824277828645,0.9548576185030352,0.1740483141340163,0.5293412721152513,True,116,1581.0852,182.05055,1305.8726,1890.2153,561.923505078125,0.551949602105978,0.32978242778286454,0.9548576185030351,0.17404831413401634,1.0,0.0,0.5494866615323668,0.43958932922589344,Low,788,True
CAND_03963,Al37.94Fe13.65Mn8.05Nb15.36Ti16.21V8.79,6,37.94,0.0,0.0,0.0,13.65,8.05,0.0,15.36,0.0,16.21,8.79,0.0,100.0,True,1199.4382,1076.7366,46.389458,537.56,0.8977007493131856,False,0.70229506,0.397545584794113,0.4860440858760931,0.7162517866543613,0.5589009963041845,True,104,1581.0852,182.05055,1305.8726,1890.2153,381.64700507812495,0.7022950518348684,0.39754558479411306,0.4860440858760931,0.7162517866543613,1.0,0.0,0.5480884321579331,0.43847074572634653,Low,803,True
CAND_02069,Al33.11Cu10.12Nb42.44V14.33,4,33.11,0.0,0.0,10.12,0.0,0.0,0.0,42.44,0.0,0.0,14.33,0.0,100.0,True,1160.6469,1014.0049,50.812897,531.6247333333334,0.8736549791076353,False,0.66994417,0.3482809442725682,0.5651601719962895,0.7035330219441515,0.5522875356740738,True,110,1581.0852,182.05055,1305.8726,1890.2153,420.43830507812504,0.6699442160683191,0.3482809442725682,0.5651601719962895,0.7035330219441515,1.0,0.0,0.5470483421893598,0.4376386737514879,Low,816,True
CAND_01819,Al23.14Cr14.73Fe12.87Mn7.26Nb27.54V14.46,6,23.14,0.0,14.73,0.0,12.87,7.26,0.0,27.54,0.0,0.0,14.46,0.0,100.0,True,1384.6542,1154.7108,42.961784,398.4567,0.8339344372127271,False,0.8567599,0.4587805096081233,0.4247379050118474,0.4181654086572287,0.5635714240994494,True,102,1581.0852,182.05055,1305.8726,1890.2153,196.43100507812505,0.856759903421105,0.45878050960812333,0.4247379050118474,0.41816540865722873,1.0,0.0,0.5419703115398518,0.4335762492318814,Low,882,True
CAND_02285,Al12.52Co18.80Ni27.05V41.63,4,12.52,18.8,0.0,0.0,0.0,0.0,0.0,0.0,27.05,0.0,41.63,0.0,100.0,True,1018.449,1022.3328,66.29557,337.3652,1.0038134707653024,True,0.55135524,0.3548210348455859,0.842077857633831,0.2872515916492077,0.5254600983491997,True,118,1581.0852,182.05055,1305.8726,1890.2153,562.636205078125,0.551355230670867,0.3548210348455859,0.842077857633831,0.28725159164920777,1.0,0.0,0.539996214158923,0.4319969713271384,Low,915,True
CAND_01796,Co27.60Cu12.05Ni24.23V36.12,4,0.0,27.6,0.0,12.05,0.0,0.0,0.0,0.0,24.23,0.0,36.12,0.0,100.0,True,982.1964,969.8255,72.30391,287.3874,0.987404849994774,False,0.5211216,0.3135858497755669,0.9495409298903766,0.1801534754847091,0.5148204950675397,True,119,1581.0852,182.05055,1305.8726,1890.2153,598.888805078125,0.5211215981627942,0.3135858497755669,0.9495409298903766,0.18015347548470914,1.0,0.0,0.5362414547631881,0.42899316381055047,Low,965,True
CAND_01574,Al44.78Co6.92Ni20.27V28.03,4,44.78,6.92,0.0,0.0,0.0,0.0,0.0,0.0,20.27,0.0,28.03,0.0,100.0,True,977.88055,934.1343,57.49128,558.6920666666666,0.9552642150297772,False,0.51752234,0.2855567331123398,0.6846073994977102,0.7615359834509909,0.5263059708217575,True,117,1581.0852,182.05055,1305.8726,1890.2153,603.204655078125,0.5175223025850988,0.2855567331123398,0.6846073994977102,0.7615359834509909,1.0,0.0,0.5346602129469383,0.4277281703575507,Low,984,True
CAND_02276,Al9.42Cr30.08Mo20.04Nb11.33V15.15W13.98,6,9.42,0.0,30.08,0.0,0.0,0.0,20.04,11.33,0.0,0.0,15.15,13.98,100.0,True,1530.2106,1091.4968,42.00132,329.88,0.7132984312613353,False,0.9781498,0.4091371078522496,0.40755938112142,0.2712114534455552,0.5587576271599737,True,105,1581.0852,182.05055,1305.8726,1890.2153,50.87460507812489,0.9781497818518394,0.4091371078522496,0.40755938112142,0.2712114534455552,1.0,0.0,0.530228110171894,0.4241824881375152,Low,1051,True
CAND_04192,Co35.90Mn18.90Ni40.12V5.08,4,0.0,35.9,0.0,0.0,0.0,18.9,0.0,0.0,40.12,0.0,5.08,0.0,100.0,True,811.8262,1119.1047,72.23979,264.1136,1.3785028603048202,True,0.3790377,0.430818223923626,0.9483941019490334,0.1302797288214043,0.499597271851353,True,120,1581.0852,182.05055,1305.8726,1890.2153,769.259005078125,0.37903771956851817,0.43081822392362606,0.9483941019490334,0.13027972882140448,1.0,0.0,0.528065086977138,0.42245206958171044,Low,1085,True
