record_id,alloy_name,composition_canonical,actual_ys_mpa,predicted_ys_mpa,uncertainty_std_mpa,lower_95_mpa,upper_95_mpa,absolute_error_mpa,relative_error_pct
R01136,Co0.986 Cr0.952 Fe0.933 Mn0.914 Ni1,Co:20.6061;Cr:19.8955;Fe:19.4984;Mn:19.1014;Ni:20.8986,1120.0,1331.7522,281.77698,779.4693,1884.0352,211.752197265625,18.906446184430802
R00315,Al1 Co1 Cr1 Fe1 Mo0.5 Ni1,Al:18.1818;Co:18.1818;Cr:18.1818;Fe:18.1818;Mo:9.0909;Ni:18.1818,2757.0,2153.5994,280.99454,1602.8501,2704.3486,603.400634765625,21.886131112282374
R00061,AlC1.5CoCrFeNi,Al:15.3846;C:23.0769;Co:15.3846;Cr:15.3846;Fe:15.3846;Ni:15.3846,1255.0,1534.5542,276.437,992.7377,2076.3706,279.55419921875,22.27523499750996
R01757,Al1 Cr1 Fe1 Mo0.5 Ni1 Ti0.75,Al:19.0476;Cr:19.0476;Fe:19.0476;Mo:9.5238;Ni:19.0476;Ti:14.2857,618.8,1765.7657,272.89505,1230.8914,2300.6401,1146.9657470703125,185.35322350845388
R01632,Al0.333 Ca0.011 Li0.867 Mg1 Si0.011,Al:14.9865;Ca:0.4950;Li:39.0189;Mg:45.0045;Si:0.4950,300.0,664.31213,256.23187,162.09766,1166.5266,364.3121337890625,121.4373779296875
R01630,Al0.312 Ca0.021 Li0.792 Mg1 Si0.021,Al:14.5387;Ca:0.9786;Li:36.9059;Mg:46.5983;Si:0.9786,360.0,672.19073,248.6888,184.76068,1159.6208,312.19073486328125,86.71964857313368
R00055,AlCo.2CoCrFeNi,Al:19.2308;Co:23.0769;Cr:19.2308;Fe:19.2308;Ni:19.2308,906.0,1228.6294,244.17068,750.0548,1707.204,322.62939453125,35.610308447157834
R01629,Al0.429 Ca0.286 Li1 Mg1 Si0.143,Al:15.0105;Ca:10.0070;Li:34.9895;Mg:34.9895;Si:5.0035,418.0,696.21375,229.01979,247.33496,1145.0925,278.2137451171875,66.55831222899222
R01349,Hf1 Mo1 Nb1 Ta1 Ti1 W1 Zr1,Hf:14.2857;Mo:14.2857;Nb:14.2857;Ta:14.2857;Ti:14.2857;W:14.2857;Zr:14.2857,1637.0,1814.0277,218.32945,1386.102,2241.9534,177.0277099609375,10.814154548621717
R00312,Al1 Co1 Cr1 Fe1 Mo0.2 Ni1,Al:19.2308;Co:19.2308;Cr:19.2308;Fe:19.2308;Mo:3.8462;Ni:19.2308,2456.0,1765.9797,217.8272,1339.0385,2192.9211,690.020263671875,28.095287608789697
R01547,Co1 Cr1 Fe1 Mn1 Ni1,Co:20.0000;Cr:20.0000;Fe:20.0000;Mn:20.0000;Ni:20.0000,1362.74,947.6051,210.96164,534.12024,1361.09,415.1348974609375,30.463250323681518
R00134,AlCrFeNiMo0.8,Al:20.8333;Cr:20.8333;Fe:20.8333;Mo:16.6667;Ni:20.8333,1513.0,1823.1633,210.44922,1410.6829,2235.6438,310.163330078125,20.49988962842862
R00067,AlCoCrFeMo0.2Ni,Al:19.2308;Co:19.2308;Cr:19.2308;Fe:19.2308;Mo:3.8462;Ni:19.2308,2456.0,2045.2876,206.95688,1639.6521,2450.923,410.71240234375,16.72281768500611
R00344,Al0.5 Co1 Cr1 Cu0.5 Fe1 Ni1 Ti0.5,Al:9.0909;Co:18.1818;Cr:18.1818;Cu:9.0909;Fe:18.1818;Ni:18.1818;Ti:9.0909,1580.0,1599.2495,192.66794,1221.6204,1976.8787,19.24951171875,1.2183235265031644
R01348,Hf1 Nb1 Ta1 Ti1 W1 Zr1,Hf:16.6667;Nb:16.6667;Ta:16.6667;Ti:16.6667;W:16.6667;Zr:16.6667,1550.0,1812.5275,192.1535,1435.9066,2189.1484,262.5274658203125,16.937255859375
R01031,Co1 Cr1 Fe1 Mn1 Mo0.087 Ni1,Co:19.6580;Cr:19.6580;Fe:19.6580;Mn:19.6580;Mo:1.7102;Ni:19.6580,330.0,767.33923,191.21211,392.56348,1142.115,437.3392333984375,132.52704042376894
R01706,Co1 Cr1 Fe1 Mn1 Ni1,Co:20.0000;Cr:20.0000;Fe:20.0000;Mn:20.0000;Ni:20.0000,1100.0,1425.1034,188.29143,1056.0522,1794.1545,325.1033935546875,29.554853959517047
R01351,Hf1 Mo1 Nb1 Ta1 Ti1 W1 Zr1,Hf:14.2857;Mo:14.2857;Nb:14.2857;Ta:14.2857;Ti:14.2857;W:14.2857;Zr:14.2857,1065.0,1041.813,187.0616,675.17224,1408.4537,23.18701171875,2.177184198943662
R00376,Co1 Cr1 Fe1 Mn1 Ni1 V0.25,Co:19.0476;Cr:19.0476;Fe:19.0476;Mn:19.0476;Ni:19.0476;V:4.7619,200.0,566.1201,186.46207,200.65445,931.5858,366.1201171875,183.06005859375
R01132,Co0.986 Cr0.952 Fe0.933 Mn0.914 Ni1,Co:20.6061;Cr:19.8955;Fe:19.4984;Mn:19.1014;Ni:20.8986,1135.0,887.5328,186.04922,522.8763,1252.1892,247.46722412109375,21.803279658246144
R01135,Co0.986 Cr0.952 Fe0.933 Mn0.914 Ni1,Co:20.6061;Cr:19.8955;Fe:19.4984;Mn:19.1014;Ni:20.8986,270.0,570.38055,185.82677,206.1601,934.601,300.38055419921875,111.25205711082175
R01133,Co0.986 Cr0.952 Fe0.933 Mn0.914 Ni1,Co:20.6061;Cr:19.8955;Fe:19.4984;Mn:19.1014;Ni:20.8986,585.0,861.25494,183.67271,501.2564,1221.2534,276.25494384765625,47.22306732438568
R01898,CoCrMoNbTi0.2,Co:23.8095;Cr:23.8095;Mo:23.8095;Nb:23.8095;Ti:4.7619,1905.6,1374.1088,179.17699,1022.9219,1725.2957,531.4912353515624,27.891017808121454
R01134,Co0.986 Cr0.952 Fe0.933 Mn0.914 Ni1,Co:20.6061;Cr:19.8955;Fe:19.4984;Mn:19.1014;Ni:20.8986,425.0,784.67566,178.29517,435.21713,1134.1342,359.6756591796875,84.62956686580883
R00237,Al0.75 Co1 Fe1 Ni1,Al:20.0000;Co:26.6667;Fe:26.6667;Ni:26.6667,794.0,1023.704,177.15666,676.4769,1370.931,229.7039794921875,28.9299722282352
R01032,Co1 Cr1 Fe1 Mn1 Mo0.136 Ni1,Co:19.4704;Cr:19.4704;Fe:19.4704;Mn:19.4704;Mo:2.6480;Ni:19.4704,560.0,799.17596,175.49777,455.20032,1143.1516,239.17596435546875,42.70999363490514
R00859,Al0.35 Cr0.5 Fe1 Mn0.625 Ni0.375,Al:12.2807;Cr:17.5439;Fe:35.0877;Mn:21.9298;Ni:13.1579,833.0,749.9184,173.19124,410.46356,1089.3733,83.08160400390625,9.973781993266057
R00763,Al1 Mo0.5 Nb1 Ta0.5 Ti1 Zr1,Al:20.0000;Mo:10.0000;Nb:20.0000;Ta:10.0000;Ti:20.0000;Zr:20.0000,2197.0,1820.9974,172.47443,1482.9475,2159.0474,376.0025634765625,17.114363380817593
R00864,Al0.35 Cr0.5 Fe1 Mn0.625 Ni0.375,Al:12.2807;Cr:17.5439;Fe:35.0877;Mn:21.9298;Ni:13.1579,326.0,605.9089,169.07808,274.51584,937.3019,279.90887451171875,85.86161794837999
R00497,Al1 Mo0.5 Nb1 Ta0.5 Ti1 Zr1,Al:20.0000;Mo:10.0000;Nb:20.0000;Ta:10.0000;Ti:20.0000;Zr:20.0000,2000.0,1786.7585,165.15096,1463.0626,2110.4543,213.241455078125,10.66207275390625
R02214,Al3Ti3 MEA (Precipitation Hardened),Al:3.0030;Co:31.3313;Cr:31.3313;Ni:31.3313;Ti:3.0030,750.0,875.03674,163.11305,555.33514,1194.7383,125.0367431640625,16.671565755208334
R01145,Mo1 Nb1 Ta1 Ti1 V1 W1,Mo:16.6667;Nb:16.6667;Ta:16.6667;Ti:16.6667;V:16.6667;W:16.6667,1515.0,1830.5397,162.5059,1512.0281,2149.0513,315.5396728515625,20.827701178320957
R01350,Hf1 Nb1 Ta1 Ti1 W1 Zr1,Hf:16.6667;Nb:16.6667;Ta:16.6667;Ti:16.6667;W:16.6667;Zr:16.6667,577.0,988.5818,161.69647,671.65674,1305.5068,411.581787109375,71.33133225465771
R01899,CoCrMoNbTi0.4,Co:22.7273;Cr:22.7273;Mo:22.7273;Nb:22.7273;Ti:9.0909,1771.3,1154.2816,161.53017,837.6825,1470.8807,617.0183837890625,34.834211245360045
R00978,Al1 Co1 Cr1 Cu1 Fe1 Ni1,Al:16.6667;Co:16.6667;Cr:16.6667;Cu:16.6667;Fe:16.6667;Ni:16.6667,1040.0,1429.6548,160.48767,1115.0989,1744.2107,389.65478515625,37.46680626502404
R02053,MoNbTaTiVW,Mo:16.6667;Nb:16.6667;Ta:16.6667;Ti:16.6667;V:16.6667;W:16.6667,1515.0,1835.5883,157.79848,1526.3032,2144.8733,320.5882568359375,21.160941045276402
R01013,Al0.1 Co1 Cr1 Fe1 Mn1 Ni1,Al:1.9608;Co:19.6078;Cr:19.6078;Fe:19.6078;Mn:19.6078;Ni:19.6078,1631.0,728.8018,157.75531,419.6014,1038.0022,902.1981811523438,55.31564568683898
R01679,Co1 Cr1 Cu1 Ni1 Zn1,Co:20.0000;Cr:20.0000;Cu:20.0000;Ni:20.0000;Zn:20.0000,2121.0,1035.113,156.7291,727.924,1342.302,1085.886962890625,51.19693365820957
R00815,Mo1 Nb1 Ta1 Ti1 V1 W1,Mo:16.6667;Nb:16.6667;Ta:16.6667;Ti:16.6667;V:16.6667;W:16.6667,1515.0,1841.4178,155.42244,1536.7898,2146.046,326.4178466796875,21.545732454104787
R02213,Al3Ti3 MEA (Solid Solution),Al:3.0030;Co:31.3313;Cr:31.3313;Ni:31.3313;Ti:3.0030,334.0,749.2756,155.36952,444.7513,1053.7998,415.27557373046875,124.3340041109188
R02530,Al0.5 Co1 Cr1 Cu1 Fe1 Ni1,Al:9.0000;Co:18.2000;Cr:18.2000;Cu:18.2000;Fe:18.2000;Ni:18.2000,1284.0,883.23035,155.32278,578.79767,1187.6631,400.7696533203125,31.212589822454245
R01131,Co0.986 Cr0.952 Fe0.933 Mn0.914 Ni1,Co:20.6061;Cr:19.8955;Fe:19.4984;Mn:19.1014;Ni:20.8986,1290.0,775.6173,153.50676,474.74405,1076.4906,514.3826904296875,39.87462716509205
R01012,Co1 Cr1 Fe1 Mn1 Ni1,Co:20.0000;Cr:20.0000;Fe:20.0000;Mn:20.0000;Ni:20.0000,1314.0,1174.7721,151.60779,877.62085,1471.9233,139.2279052734375,10.59573099493436
R01525,Mo1 Nb1 Si0.5 Ta1 W1,Mo:22.2222;Nb:22.2222;Si:11.1111;Ta:22.2222;W:22.2222,1883.0,1830.2234,151.0901,1534.0868,2126.3599,52.776611328125,2.8027940163635154
R02690,Al0.7Co0.3CrFeNi,Al:17.5000;Co:7.5000;Cr:25.0000;Fe:25.0000;Ni:25.0000,2033.0,1211.5232,151.04308,915.47876,1507.5676,821.476806640625,40.40712280573659
R01353,Hf1 Mo1 Nb1 Ta1 Ti1 W1 Zr1,Hf:14.2857;Mo:14.2857;Nb:14.2857;Ta:14.2857;Ti:14.2857;W:14.2857;Zr:14.2857,736.0,903.3894,150.94882,607.52966,1199.2491,167.389404296875,22.74312558381454
R00291,Al0.7 Co0.3 Cr1 Fe1 Ni1,Al:17.5000;Co:7.5000;Cr:25.0000;Fe:25.0000;Ni:25.0000,2033.0,1389.7992,150.26608,1095.2777,1684.3207,643.2008056640625,31.638013067587924
R00482,Al1 Li0.5 Mg1 Sn0.2 Zn0.5,Al:31.2500;Li:15.6250;Mg:31.2500;Sn:6.2500;Zn:15.6250,546.0,571.4096,150.07576,277.2611,865.5581,25.40960693359375,4.6537741636618595
R00071,AlCoCrFeMo0.5Ni,Al:18.1818;Co:18.1818;Cr:18.1818;Fe:18.1818;Mo:9.0909;Ni:18.1818,2757.0,2273.9426,148.16891,1983.5315,2564.3538,483.057373046875,17.52112343296609
R00111,Al0.20CoCrFeMnNi,Al:3.8462;Co:19.2308;Cr:19.2308;Fe:19.2308;Mn:19.2308;Ni:19.2308,220.0,357.90445,147.91838,67.984406,647.82446,137.90444946289062,62.68384066495029
