candidate_id,composition,n_elements,Al,Co,Cr,Cu,Fe,Mn,Mo,Nb,Ni,Ti,V,W,composition_sum,valid_composition,Predicted_YS_MPa,Predicted_UTS_MPa,Predicted_Elongation_pct,Predicted_Hardness_HV,UTS_to_YS_Ratio,UTS_YS_Consistency,YS_Score,UTS_Score,Elongation_Score,Hardness_Score,Balanced_Score,Pareto_Optimal,Overall_Rank,YS_Ensemble_Mean_MPa,YS_Uncertainty_STD_MPa,YS_Relative_Uncertainty,Uncertainty_Risk,Predicted_YS_MPa_Normalized,Predicted_UTS_MPa_Normalized,Predicted_Elongation_pct_Normalized,Predicted_Hardness_HV_Normalized,Performance_Score,Uncertainty_Penalty,Uncertainty_Aware_Score,Final_Rank,Nearest_Experimental_Distance,Nearest_Experimental_Record_ID,Nearest_Experimental_Alloy,Nearest_Experimental_Composition,Novelty_Percentile,Novelty_Score,Discovery_Score,Discovery_Rank,Novelty_Category
CAND_02729,Al36.20Fe9.50Mo9.71W44.59,4,36.2,0.0,0.0,0.0,9.5,0.0,9.71,0.0,0.0,0.0,0.0,44.59,100.0,True,800.00836,1519.279,47.581757,537.372,1.899078900313618,True,0.369182,0.745084265421957,0.5073691296632968,0.715848918864284,0.5684995015294445,False,563,1415.9748453776042,179.43989231089705,0.1267253390105563,Low,0.3691819786947822,0.745084265421957,0.5073691296632968,0.715848918864284,0.5843710731610801,0.1267253390105563,0.5186455411344975,209,14.603922682962395,R01773,Cr1 Nb1 Ti1 W1,Cr:25.0000;Nb:25.0000;Ti:25.0000;W:25.0000,99.92,0.9528407741415422,0.7488700870850351,1,Extreme
CAND_03577,Al43.94Co18.64Cr30.43W6.99,4,43.94,18.64,30.43,0.0,0.0,0.0,0.0,0.0,0.0,0.0,0.0,6.99,100.0,True,945.67615,1799.2856,63.378998,669.9723333333334,1.902644583804861,True,0.49066475,0.9649798603549816,0.789913068760795,1.0,0.7841716623189023,False,2,1338.0238810221354,265.9985461982956,0.1987995505693781,High,0.4906647532026274,0.9649798603549816,0.789913068760795,1.0,0.811389420579601,0.1987995505693781,0.6768349389138709,1,4.699953347935303,R01128,Al1 Co0.512 Cr0.581 Fe0.116 Ni0.116,Al:43.0108;Co:22.0215;Cr:24.9892;Fe:4.9892;Ni:4.9892,61.3,0.283775048537489,0.7049482207393221,2,High
CAND_04351,Al32.90Cr29.10Nb18.03Ti10.80W9.17,5,32.9,0.0,29.1,0.0,0.0,0.0,0.0,18.03,0.0,10.8,0.0,9.17,100.0,True,1200.7443,1791.2363,58.198544,523.1571333333334,1.4917716916499848,True,0.7033843,0.9586585607417066,0.6972572765580053,0.6853876852459672,0.7757353391115014,False,3,1362.0655395507813,219.05781719943965,0.1608276627214916,Medium,0.7033843019140019,0.9586585607417066,0.6972572765580053,0.6853876852459672,0.7611719561149203,0.1608276627214916,0.6557148666929575,3,4.902150164638316,R01592,Al1 Co1 Cr0.091 Nb0.727 W0.212,Al:33.0033;Co:33.0033;Cr:3.0033;Nb:23.9934;W:6.9967,64.64,0.297434517312678,0.7025216769975474,3,High
CAND_00345,Al22.04Cr11.66Nb18.71Ti8.18W39.41,5,22.04,0.0,11.66,0.0,0.0,0.0,0.0,18.71,0.0,8.18,0.0,39.41,100.0,True,1174.6176,1603.441,45.691566,381.3767,1.3650749513612257,True,0.6815953,0.8111786112722092,0.4735618331368565,0.3815644413459498,0.6234573144494573,False,235,1464.9487386067708,170.50245469173024,0.1163880006162436,Low,0.6815953806656317,0.8111786112722092,0.4735618331368565,0.3815644413459498,0.5869750666051619,0.1163880006162436,0.5257805227941835,180,10.090557409765015,R01773,Cr1 Nb1 Ti1 W1,Cr:25.0000;Nb:25.0000;Ti:25.0000;W:25.0000,96.96000000000001,0.6479389808021669,0.6849266304247889,4,Extreme
CAND_01246,Al18.51Co8.78Cr22.40Nb27.35Ti10.61W12.35,6,18.51,8.78,22.4,0.0,0.0,0.0,0.0,27.35,0.0,10.61,0.0,12.35,100.0,True,1210.4055,1743.1118,51.998413,369.851,1.4401056296304364,True,0.7114415,0.9208652888747066,0.5863638974128424,0.3568658600263006,0.6898129010428984,False,27,1536.591707356771,144.12865661794424,0.0937976275206332,Low,0.7114414666521722,0.9208652888747066,0.5863638974128424,0.3568658600263006,0.6438841282415055,0.0937976275206332,0.5886684264446893,24,5.179927493690993,R01592,Al1 Co1 Cr0.091 Nb0.727 W0.212,Al:33.0033;Co:33.0033;Cr:3.0033;Nb:23.9934;W:6.9967,69.28,0.31619985108261306,0.6724886914048209,5,High
CAND_01568,Al30.25Cr30.90Nb9.66Ti8.48W20.71,5,30.25,0.0,30.9,0.0,0.0,0.0,0.0,9.66,0.0,8.48,0.0,20.71,100.0,True,1156.1299,1824.3159,53.32445,499.2757333333333,1.57795064994083,True,0.66617715,0.9846367281211416,0.6100809323918637,0.6342119041717531,0.7428961891967383,False,4,1334.12333984375,218.20715269391428,0.1635584553370232,Medium,0.6661771671383399,0.9846367281211416,0.6100809323918637,0.6342119041717529,0.7237766829557746,0.1635584553370232,0.6220372338286464,7,4.907433687157405,R00957,Cr1 Fe1 Ni1 V0.5 W1,Cr:22.2222;Fe:22.2222;Ni:22.2222;V:11.1111;W:22.2222,64.72,0.29779144731805246,0.6680783710926727,6,High
CAND_02592,Al21.36Cu6.68Fe10.81Ni5.97Ti12.55W42.63,6,21.36,0.0,0.0,6.68,10.81,0.0,0.0,0.0,5.97,12.55,0.0,42.63,100.0,True,1078.4211,1385.5215,44.81098,376.642,1.2847684872791962,True,0.6013703,0.6400414377198458,0.4578119792760393,0.3714183874859548,0.5425892697442688,False,837,1530.949462890625,185.48104012022424,0.1211542540209085,Low,0.6013702484113157,0.6400414377198458,0.4578119792760393,0.3714183874859548,0.5176605132232889,0.1211542540209085,0.4617210445099332,614,12.864986144924904,R01773,Cr1 Nb1 Ti1 W1,Cr:25.0000;Nb:25.0000;Ti:25.0000;W:25.0000,99.18,0.8353663760245501,0.6680627799180829,7,Extreme
CAND_03278,Al44.26Co7.90Fe5.77Ti11.73W30.34,5,44.26,7.9,0.0,0.0,5.77,0.0,0.0,0.0,0.0,11.73,0.0,30.34,100.0,True,1004.5146,1442.4021,44.239113,623.022,1.4359195158429956,True,0.53973436,0.6847110754253405,0.4475837657025509,0.8993894838649307,0.6141379956997519,False,272,1454.7879150390625,202.5838864878641,0.1392532096215719,Low,0.5397343392363081,0.6847110754253405,0.4475837657025509,0.8993894838649307,0.6428546660572825,0.1392532096215719,0.5642772481376821,54,7.4633862470910355,R01773,Cr1 Nb1 Ti1 W1,Cr:25.0000;Nb:25.0000;Ti:25.0000;W:25.0000,92.58,0.47045961664219077,0.6659293519033748,8,Extreme
CAND_02851,Al31.60Cr27.80Fe9.82Ti11.11W19.67,5,31.6,0.0,27.8,0.0,9.82,0.0,0.0,0.0,0.0,11.11,0.0,19.67,100.0,True,1160.3707,1783.2567,52.322704,510.22673333333336,1.536799108834783,True,0.6697139,0.9523919981345124,0.5921640530573545,0.6576789529437564,0.7333246448657306,False,122,1419.4601114908853,225.2833505151268,0.1587105891115936,Medium,0.6697138731605352,0.9523919981345124,0.5921640530573545,0.6576789529437564,0.7179872193240396,0.1587105891115936,0.619643270779578,9,4.644926313903424,R00957,Cr1 Fe1 Ni1 V0.5 W1,Cr:22.2222;Fe:22.2222;Ni:22.2222;V:11.1111;W:22.2222,60.38,0.2800576801564936,0.6634291514436589,9,High
CAND_00360,Al36.19Fe14.32Nb14.13W35.36,4,36.19,0.0,0.0,0.0,14.32,0.0,0.0,14.13,0.0,0.0,0.0,35.36,100.0,True,1018.3706,1538.9116,42.33925,520.262,1.5111508440403658,True,0.55128986,0.7605021957746062,0.4136034791597557,0.6791836641396949,0.5988160380536678,False,333,1374.7161743164063,185.7520728657753,0.135120307985132,Low,0.5512898473110904,0.7605021957746062,0.4136034791597557,0.6791836641396949,0.6011447965962868,0.135120307985132,0.5295868573291006,167,8.99457717640783,R01773,Cr1 Nb1 Ti1 W1,Cr:25.0000;Nb:25.0000;Ti:25.0000;W:25.0000,95.67999999999999,0.5738996956152224,0.6602604005381105,10,Extreme
CAND_02156,Al44.04Cr13.99Cu8.33Mn8.92Mo8.03Nb16.69,6,44.04,0.0,13.99,8.33,0.0,8.92,8.03,16.69,0.0,0.0,0.0,0.0,100.0,True,1087.7585,1546.5494,51.430122,623.031,1.4217763741962388,True,0.60915744,0.7665003350148223,0.5761996429272865,0.8994087700889235,0.6916585715845067,False,26,1419.30673828125,194.92942580345613,0.1373412952576491,Low,0.6091573732018376,0.7665003350148223,0.5761996429272865,0.8994087700889235,0.7128165303082175,0.1373412952576491,0.626739337857893,6,3.4714308067601616,R01116,Al1 Co0.149 Cr0.34 Cu0.191 Fe0.34 Ni0.106,Al:47.0367;Co:7.0085;Cr:15.9925;Cu:8.9840;Fe:15.9925;Ni:4.9859,30.959999999999997,0.20078182656483312,0.6600039127720263,11,Moderate
CAND_02578,Al29.62Cr29.26Nb17.81Ti23.31,4,29.62,0.0,29.26,0.0,0.0,0.0,0.0,17.81,0.0,23.31,0.0,0.0,100.0,True,1174.8495,1758.3973,58.008778,488.8427333333333,1.4967000615832708,True,0.6817888,0.9328693420518416,0.6938631881126383,0.6118548847362395,0.7496414789586858,False,121,1241.1289469401042,181.802215551814,0.1464813273431673,Low,0.6817887786392564,0.9328693420518416,0.6938631881126383,0.6118548847362392,0.7300940483849938,0.1464813273431673,0.6368128559728914,4,3.039838661051931,R01820,AlCr1.5NbTiV,Al:18.1818;Cr:27.2727;Nb:18.1818;Ti:18.1818;V:18.1818,20.46,0.17162548506526631,0.6585445765980728,12,Low
CAND_00186,Al23.48Cu10.65Mn21.02W44.85,4,23.48,0.0,0.0,10.65,0.0,21.02,0.0,0.0,0.0,0.0,0.0,44.85,100.0,True,648.13727,1539.9425,51.693375,374.4050333333333,2.375951169409104,True,0.24252585,0.7613117851514869,0.5809080942068002,0.3666247607972495,0.5013720314169021,False,1524,1459.837996419271,198.31256767947724,0.1358455994198695,Low,0.2425258292417652,0.7613117851514869,0.5809080942068002,0.3666247607972494,0.4878426173493254,0.1358455994198695,0.4294972992794882,1036,14.640349264500218,R01773,Cr1 Nb1 Ti1 W1,Cr:25.0000;Nb:25.0000;Ti:25.0000;W:25.0000,99.94,0.9553015831751166,0.6583302309188476,13,Extreme
CAND_01212,Al35.04Co17.31Cr29.08Nb12.60Ti5.97,5,35.04,17.31,29.08,0.0,0.0,0.0,0.0,12.6,0.0,5.97,0.0,0.0,100.0,True,1145.7308,1843.8789,59.48518,557.0157333333334,1.6093473647873544,True,0.6575047,1.0,0.7202695990024529,0.7579437456561352,0.7910103708912546,False,1,1324.7680257161458,239.47948092000567,0.1807708793322871,High,0.6575046148851306,1.0,0.7202695990024529,0.7579437456561352,0.7839294898859297,0.1807708793322871,0.6639132990214267,2,2.2676722190932295,R01089,Al1 Co0.5 Cr1 Fe0.147 Ni0.294,Al:34.0020;Co:17.0010;Cr:34.0020;Fe:4.9983;Ni:9.9966,7.04,0.11946154116561718,0.6580132463544426,14,Low
CAND_01908,Al40.59Cu17.92Nb19.50W21.99,4,40.59,0.0,0.0,17.92,0.0,0.0,0.0,19.5,0.0,0.0,0.0,21.99,100.0,True,930.7706,1483.8318,45.463417,581.232,1.59419705818051,True,0.47823396,0.7172467675461572,0.4694812397496216,0.8098371171238096,0.5974901056858549,False,338,1358.0233805338542,155.05257102200025,0.1141751852321182,Low,0.4782339504179801,0.7172467675461572,0.4694812397496216,0.8098371171238096,0.6186997687093921,0.1141751852321182,0.5552984637514586,74,6.644296651452747,R01773,Cr1 Nb1 Ti1 W1,Cr:25.0000;Nb:25.0000;Ti:25.0000;W:25.0000,88.34,0.4151257645166315,0.6559182742759426,15,Very High
CAND_01687,Al43.28Cr21.23Cu9.30Ti26.19,4,43.28,0.0,21.23,9.3,0.0,0.0,0.0,0.0,0.0,26.19,0.0,0.0,100.0,True,1153.7106,1595.7526,50.573265,633.3050333333333,1.3831481133236352,True,0.66415954,0.8051407346932892,0.5608741976787609,0.9214251376643524,0.7192224073463025,False,12,1294.5698527018228,211.3070164573332,0.1632256583268383,Medium,0.6641595400680946,0.8051407346932892,0.5608741976787609,0.9214251376643524,0.7378999025261244,0.1632256583268383,0.6343566248250624,5,3.399564261212397,R00101,Al2CoCrFeNiTi,Al:28.5714;Co:14.2857;Cr:14.2857;Fe:14.2857;Ni:14.2857;Ti:14.2857,29.26,0.19592685975132365,0.65497428759055,16,Moderate
CAND_02137,Al18.37Cr36.64Nb15.18Ti24.76W5.05,5,18.37,0.0,36.64,0.0,0.0,0.0,0.0,15.18,0.0,24.76,0.0,5.05,100.0,True,1225.6493,1719.69,56.201027,356.962,1.4030848883409317,True,0.72415435,0.9024716129920584,0.6615303846536392,0.3292458443544578,0.7027572656369636,False,20,1414.1574300130208,156.1514729033803,0.1104201481315574,Low,0.7241543602715694,0.9024716129920584,0.6615303846536392,0.3292458443544578,0.6543505505679311,0.1104201481315574,0.5892819503221106,23,4.556610770183529,R01820,AlCr1.5NbTiV,Al:18.1818;Cr:27.2727;Nb:18.1818;Ti:18.1818;V:18.1818,58.879999999999995,0.2740914961607405,0.6547023122273303,17,High
CAND_04637,Al27.06Co5.31Cu5.12Fe19.02W43.49,5,27.06,5.31,0.0,5.12,19.02,0.0,0.0,0.0,0.0,0.0,0.0,43.49,100.0,True,773.5752,1548.0615,45.203125,394.54733333333326,2.001177790317633,True,0.34713748,0.7676878217708424,0.4648257478826832,0.4097879729678567,0.5121222296998257,False,1316,1426.9951171875,192.0050697501672,0.1345520159372336,Low,0.3471374785632857,0.7676878217708424,0.4648257478826832,0.4097879729678567,0.4973597552961669,0.1345520159372336,0.4383754541966123,904,13.794017776663587,R01773,Cr1 Nb1 Ti1 W1,Cr:25.0000;Nb:25.0000;Ti:25.0000;W:25.0000,99.52,0.8981273965580067,0.6534079287573296,18,Extreme
CAND_02875,Al18.25Cr39.27Fe12.40Nb30.08,4,18.25,0.0,39.27,0.0,12.4,0.0,0.0,30.08,0.0,0.0,0.0,0.0,100.0,True,1181.0442,1707.6715,58.19433,361.429,1.4458997514654608,True,0.686955,0.8930332097269119,0.6971819064247422,0.3388182401963479,0.6991146770328602,False,127,1440.1081461588542,153.7267308063366,0.106746657337066,Low,0.6869549814301668,0.8930332097269119,0.6971819064247422,0.3388182401963479,0.6539970844445422,0.106746657337066,0.5909185088646387,20,4.24379044740647,R00086,AlCoCrFeNb0.75Ni,Al:17.3913;Co:17.3913;Cr:17.3913;Fe:17.3913;Nb:13.0435;Ni:17.3913,51.9,0.2529588220618506,0.6526936656187763,19,High
CAND_03366,Al24.06Co9.19Cr21.43Fe7.19W38.13,5,24.06,9.19,21.43,0.0,7.19,0.0,0.0,0.0,0.0,0.0,0.0,38.13,100.0,True,907.7528,1730.1254,50.037045,418.4280333333333,1.9059433201220333,True,0.45903778,0.9106667715753348,0.5512835539060374,0.460962254002427,0.6178766041989183,False,263,1397.399287923177,223.2370180966239,0.159751776049922,Medium,0.4590377629350322,0.9106667715753348,0.5512835539060374,0.460962254002427,0.5954875856047079,0.159751776049922,0.5134612405017562,232,10.180971614686918,R01773,Cr1 Nb1 Ti1 W1,Cr:25.0000;Nb:25.0000;Ti:25.0000;W:25.0000,97.06,0.6540469405074785,0.6514987558616664,20,Extreme
CAND_03613,Al40.86Cr5.87Cu18.13Nb13.69W21.45,5,40.86,0.0,5.87,18.13,0.0,0.0,0.0,13.69,0.0,0.0,0.0,21.45,100.0,True,952.45917,1495.3218,41.934822,585.684,1.5699589557792388,True,0.49632165,0.7262701276590277,0.4063700211020276,0.8193773692590445,0.591276649430326,False,376,1383.1501953125,153.1969172215096,0.1107594227587823,Low,0.4963215980627177,0.7262701276590277,0.4063700211020276,0.8193773692590445,0.6120847790207044,0.1107594227587823,0.5510507194262421,89,6.369383555802748,R00957,Cr1 Fe1 Ni1 V0.5 W1,Cr:22.2222;Fe:22.2222;Ni:22.2222;V:11.1111;W:22.2222,85.94000000000001,0.3965539249241355,0.6489618677280815,21,Very High
CAND_00587,Al32.56Cu5.97Fe20.90W40.57,4,32.56,0.0,0.0,5.97,20.9,0.0,0.0,0.0,0.0,0.0,0.0,40.57,100.0,True,770.53937,1511.745,46.222374,450.1866666666666,1.9619309063467536,True,0.3446057,0.7391676426986876,0.4830556797664335,0.5290182669113396,0.525248668502847,False,1083,1363.2426595052084,189.03066539257824,0.1386625220935994,Low,0.3446056830899408,0.7391676426986876,0.4830556797664335,0.5290182669113396,0.5239618181166004,0.1386625220935994,0.4601554964268246,636,12.280728127934204,R01773,Cr1 Nb1 Ti1 W1,Cr:25.0000;Nb:25.0000;Ti:25.0000;W:25.0000,98.6,0.7958966441570091,0.646523669372653,22,Extreme
CAND_02706,Al20.22Co7.02Cr6.73Cu24.50W41.53,5,20.22,7.02,6.73,24.5,0.0,0.0,0.0,0.0,0.0,0.0,0.0,41.53,100.0,True,831.15314,1486.8602,46.86783,361.297,1.7889124560082594,True,0.39515585,0.7196250394143747,0.4946000805104693,0.338535375577783,0.5088645998609582,False,1377,1409.5520670572917,162.5567796531835,0.1153251330350298,Low,0.3951558352751315,0.7196250394143747,0.4946000805104693,0.338535375577783,0.4869790826944397,0.1153251330350298,0.4366252209965619,935,12.724539429268113,R01773,Cr1 Nb1 Ti1 W1,Cr:25.0000;Nb:25.0000;Ti:25.0000;W:25.0000,99.1,0.8258784545113763,0.6452131794351302,23,Extreme
CAND_03678,Al43.29Ni6.76Ti27.82W22.13,4,43.29,0.0,0.0,0.0,0.0,0.0,0.0,0.0,6.76,27.82,0.0,22.13,100.0,True,954.20514,1476.86,47.24704,616.808,1.547738467746944,True,0.49777773,0.7117716533568701,0.501382498221585,0.8860734176546093,0.6211214612193003,False,249,1370.98544921875,210.288852113032,0.153385181609961,Low,0.4977776871528828,0.7117716533568701,0.501382498221585,0.8860734176546093,0.6492513140964867,0.153385181609961,0.5629093597251047,59,6.567443390577587,R01773,Cr1 Nb1 Ti1 W1,Cr:25.0000;Nb:25.0000;Ti:25.0000;W:25.0000,87.56,0.4099339185998009,0.6424940287889236,24,Very High
CAND_04407,Al17.27Cu10.86Nb31.00W40.87,4,17.27,0.0,0.0,10.86,0.0,0.0,0.0,31.0,0.0,0.0,0.0,40.87,100.0,True,935.1529,1481.4935,52.101776,353.466,1.5842259709448363,True,0.4818887,0.7154104470107419,0.5882126119559031,0.3217542177900415,0.5545060451173788,False,696,1357.794344075521,181.1207304217873,0.1333933457685056,Low,0.4818886633969149,0.7154104470107419,0.5882126119559031,0.3217542177900415,0.5268164850384003,0.1333933457685056,0.464813462162325,576,11.537819934544132,R01773,Cr1 Nb1 Ti1 W1,Cr:25.0000;Nb:25.0000;Ti:25.0000;W:25.0000,98.2,0.74570925032999,0.641539090487917,25,Extreme
CAND_00792,Al43.54Cr22.27Fe13.73W20.46,4,43.54,0.0,22.27,0.0,13.73,0.0,0.0,0.0,0.0,0.0,0.0,20.46,100.0,True,907.08057,1777.7228,49.013107,618.6953333333333,1.959829000684179,True,0.45847714,0.948046099742118,0.532969756204805,0.8901178102564138,0.688717082354187,False,132,1337.6447672526042,238.9350251856476,0.1786236757583984,High,0.4584771423235202,0.948046099742118,0.532969756204805,0.8901178102564138,0.7074027021317142,0.1786236757583984,0.6001938673737639,15,5.011294554031085,R00957,Cr1 Fe1 Ni1 V0.5 W1,Cr:22.2222;Fe:22.2222;Ni:22.2222;V:11.1111;W:22.2222,66.32000000000001,0.30480780044941186,0.6412112777647029,26,High
CAND_00486,Al31.72Cu16.15Fe14.56W37.57,4,31.72,0.0,0.0,16.15,14.56,0.0,0.0,0.0,0.0,0.0,0.0,37.57,100.0,True,781.60175,1452.9003,45.643272,484.936,1.8588754543715984,True,0.3538314,0.6929555522866926,0.4726980635080476,0.6034830920531471,0.522733072963746,False,1118,1440.9541422526042,188.0163187367195,0.1304804318358103,Low,0.3538313919104021,0.6929555522866926,0.4726980635080476,0.6034830920531471,0.5307420249395723,0.1304804318358103,0.4694836018326204,528,10.782298946336603,R01773,Cr1 Nb1 Ti1 W1,Cr:25.0000;Nb:25.0000;Ti:25.0000;W:25.0000,97.74000000000001,0.6946697952302657,0.6349606657755689,27,Extreme
CAND_02513,Al37.55Co9.84Cr21.02Cu5.61Ti15.94W10.04,6,37.55,9.84,21.02,5.61,0.0,0.0,0.0,0.0,0.0,15.94,0.0,10.04,100.0,True,1135.5042,1604.733,52.279263,565.8024333333334,1.4132339361753592,True,0.6489759,0.812193248458095,0.5913870824927898,0.7767728861405623,0.7027134536888193,False,21,1362.834578450521,237.5829621881517,0.1743300074307421,High,0.648975922702858,0.812193248458095,0.5913870824927898,0.7767728861405623,0.7073322849485761,0.1743300074307421,0.6023283748799991,14,4.307733654739426,R01647,Al1 Cr1 Cu1 Fe1 Mn1 W0.5,Al:18.1818;Cr:18.1818;Cu:18.1818;Fe:18.1818;Mn:18.1818;W:9.0909,53.6,0.2572785253004671,0.6334484269350279,28,High
CAND_04973,Al17.16Co17.69Cr33.86Mo6.13Ni7.54W17.62,6,17.16,17.69,33.86,0.0,0.0,0.0,6.13,0.0,7.54,0.0,0.0,17.62,100.0,True,1110.7784,1728.5272,65.303566,367.668,1.5561403913205312,True,0.6283554,0.9094116685176856,0.8243352203112458,0.3521878792510944,0.7202421056629092,False,11,1435.9241821289063,236.10737918519,0.1644288619996192,High,0.6283553120247795,0.9094116685176856,0.8243352203112458,0.3521878792510944,0.6785725200262014,0.1644288619996192,0.5827513746618411,30,5.166123289853268,R00957,Cr1 Fe1 Ni1 V0.5 W1,Cr:22.2222;Fe:22.2222;Ni:22.2222;V:11.1111;W:22.2222,68.82000000000001,0.31526730380337126,0.6330696981707479,29,High
CAND_04845,Co36.75Fe14.24Mo5.82W43.19,4,0.0,36.75,0.0,0.0,14.24,0.0,5.82,0.0,0.0,0.0,0.0,43.19,100.0,True,694.56616,1509.8398,55.918045,313.5222,2.1737883046514463,True,0.28124622,0.7376714455109556,0.6564690673657857,0.2361580984640307,0.5052162842662031,False,1454,1056.5375854492188,147.4809561971052,0.1395889348644414,Low,0.2812461968296826,0.7376714455109556,0.6564690673657857,0.2361580984640307,0.4778862020426137,0.1395889348644414,0.4193496333829005,1212,13.772169589655276,R01773,Cr1 Nb1 Ti1 W1,Cr:25.0000;Nb:25.0000;Ti:25.0000;W:25.0000,99.5,0.8966514354963998,0.6315374185816678,30,Extreme
CAND_02697,Al44.15Co12.25Cu12.40Mn11.61Mo8.75W10.84,6,44.15,12.25,0.0,12.4,0.0,11.61,8.75,0.0,0.0,0.0,0.0,10.84,100.0,True,833.40814,1479.2227,52.43644,625.297,1.7749079056159924,True,0.39703646,0.7136271357710285,0.5941982954581123,0.9042646127076216,0.6173883483888817,False,264,1469.916064453125,194.97309790186097,0.1326423342236209,Low,0.3970364408401311,0.7136271357710285,0.5941982954581123,0.9042646127076216,0.6522816211942234,0.1326423342236209,0.5758937322798686,36,4.502663032969119,R01647,Al1 Cr1 Cu1 Fe1 Mn1 W0.5,Al:18.1818;Cr:18.1818;Cu:18.1818;Fe:18.1818;Mn:18.1818;W:9.0909,57.92,0.2704470400115882,0.6303964755846794,31,High
CAND_00187,Al42.89Co17.82Mo6.98Ni19.95W12.36,5,42.89,17.82,0.0,0.0,0.0,0.0,6.98,0.0,19.95,0.0,0.0,12.36,100.0,True,925.708,1551.5797,61.154396,567.3333999999999,1.676100548883087,True,0.4740119,0.7704507447951331,0.7501246138018453,0.7800536157027003,0.6778779886566377,False,138,1364.726611328125,257.5201922860682,0.1886972747131051,High,0.4740118866781279,0.7704507447951331,0.7501246138018453,0.7800536157027003,0.6936602152444515,0.1886972747131051,0.583546568163764,26,5.550389799405771,R01366,Co1 Cr1 Fe1 Ni1 W0.5,Co:22.2222;Cr:22.2222;Fe:22.2222;Ni:22.2222;W:11.1111,75.22,0.3412265472483005,0.6287966539448979,32,Very High
CAND_03591,Cr28.24Cu11.56Fe7.13Ti9.74W43.33,5,0.0,0.0,28.24,11.56,7.13,0.0,0.0,0.0,0.0,9.74,0.0,43.33,100.0,True,944.9438,1461.5065,50.17291,309.016,1.5466597280098726,True,0.49005404,0.6997141982225833,0.5537135878775065,0.2265017004020819,0.5293341238406335,False,1009,1130.249072265625,157.63144669244687,0.1394661146471626,Low,0.4900539942290011,0.6997141982225833,0.5537135878775065,0.2265017004020819,0.4924958701827931,0.1394661146471626,0.432216336977511,998,12.863808922400088,R01773,Cr1 Nb1 Ti1 W1,Cr:25.0000;Nb:25.0000;Ti:25.0000;W:25.0000,99.16,0.8352868483911216,0.628768573193432,33,Extreme
CAND_04418,Al18.78Mn15.45V26.44W39.33,4,18.78,0.0,0.0,0.0,0.0,15.45,0.0,0.0,0.0,0.0,26.44,39.33,100.0,True,997.9002,1158.1072,45.70211,358.032,1.160544101778166,True,0.5342182,0.4614477803032801,0.4737504194408727,0.3315387620958552,0.4668682138759702,False,2251,1637.6724853515625,141.78611230284852,0.0865778191739058,Low,0.5342181186380228,0.4614477803032801,0.4737504194408727,0.3315387620958552,0.4502387701195077,0.0865778191739058,0.4143640355752995,1299,11.932236056960052,R01773,Cr1 Nb1 Ti1 W1,Cr:25.0000;Nb:25.0000;Ti:25.0000;W:25.0000,98.38,0.7723541540254055,0.6284988555900304,34,Extreme
CAND_03250,Al37.19Co17.76Cr7.16Nb28.56Ti9.33,5,37.19,17.76,7.16,0.0,0.0,0.0,0.0,28.56,0.0,9.33,0.0,0.0,100.0,True,1099.3997,1622.9808,52.23136,576.6029333333333,1.4762427729444847,True,0.6188658,0.8265236636598041,0.5905303061535171,0.7999174263891259,0.7012370259895716,False,22,1373.2309977213542,242.14374108974812,0.1763313976246858,High,0.6188658013629343,0.8265236636598041,0.5905303061535171,0.7999174263891259,0.7089592993913454,0.1763313976246858,0.6026867095640869,13,4.033019945497782,R00086,AlCoCrFeNb0.75Ni,Al:17.3913;Co:17.3913;Cr:17.3913;Fe:17.3913;Nb:13.0435;Ni:17.3913,46.68,0.23872015531873705,0.6282474738541377,35,Moderate
CAND_02500,Al19.26Cr29.14Fe9.73Nb24.48Ti17.39,5,19.26,0.0,29.14,0.0,9.73,0.0,0.0,24.48,0.0,17.39,0.0,0.0,100.0,True,1323.7448,1612.653,58.4666,371.543,1.2182507230418116,True,0.80596316,0.8184130058204914,0.7020516326192137,0.3604916701369964,0.7168995139642096,False,14,1350.213777669271,171.68832335677808,0.1271564001169838,Low,0.8059632042633285,0.8184130058204914,0.7020516326192137,0.3604916701369964,0.6717298782100074,0.1271564001169838,0.5959509063163646,18,3.0707346470011756,R01820,AlCr1.5NbTiV,Al:18.1818;Cr:27.2727;Nb:18.1818;Ti:18.1818;V:18.1818,21.2,0.173712672995491,0.6281299168995136,36,Low
CAND_01296,Al13.20Co20.95Ti20.95W44.90,4,13.2,20.95,0.0,0.0,0.0,0.0,0.0,0.0,0.0,20.95,0.0,44.9,100.0,True,801.17474,1604.9982,50.706017,365.0076,2.003306036187858,True,0.37015474,0.8124015160909873,0.5632485536187045,0.346486871438745,0.5475520499459949,False,770,1094.7140340169271,209.06206842326984,0.1909741374705325,Low,0.370154706286314,0.8124015160909873,0.5632485536187045,0.3464868714387451,0.5230729118586878,0.1909741374705325,0.4391975404013589,898,14.122778922689855,R01773,Cr1 Nb1 Ti1 W1,Cr:25.0000;Nb:25.0000;Ti:25.0000;W:25.0000,99.72,0.9203369579243317,0.6259555573857685,37,Extreme
CAND_03794,Al21.49Cr20.84Fe8.04Mn9.99Nb29.51W10.13,6,21.49,0.0,20.84,0.0,8.04,9.99,0.0,29.51,0.0,0.0,0.0,10.13,100.0,True,1149.6812,1737.6738,53.573013,383.0371333333333,1.5114397556727472,True,0.6607991,0.916594702948354,0.6145266434583653,0.3851226068117513,0.6846181915792632,False,134,1385.1490397135417,185.16956472868864,0.1336820511148626,Low,0.6607991356052966,0.916594702948354,0.6145266434583653,0.3851226068117513,0.6442607722059419,0.1336820511148626,0.5682905287001554,47,4.6983675689754065,R01592,Al1 Co1 Cr0.091 Nb0.727 W0.212,Al:33.0033;Co:33.0033;Cr:3.0033;Nb:23.9934;W:6.9967,61.260000000000005,0.28366792074714964,0.6258529489540829,38,High
CAND_01463,Al42.51Cr5.71Cu19.34Mo12.26W20.18,5,42.51,0.0,5.71,19.34,0.0,0.0,12.26,0.0,0.0,0.0,0.0,20.18,100.0,True,735.1536,1431.2947,48.668716,614.198,1.946932791155521,True,0.315095,0.6759881798537394,0.5268100989754366,0.8804804126966211,0.561099544320466,False,629,1304.9958821614584,166.66334245018564,0.1277117765108514,Low,0.3150949620328253,0.6759881798537394,0.5268100989754366,0.8804804126966211,0.5995934133896557,0.1277117765108514,0.5316903005525065,153,6.56541266071316,R01497,Cr1 Mo1 Nb1 Ti1 W1,Cr:20.0000;Mo:20.0000;Nb:20.0000;Ti:20.0000;W:20.0000,87.52,0.4097967320128591,0.6251238374495466,39,Very High
CAND_04782,Al35.43Cu12.47Mn7.15Ni17.92Ti8.05W18.98,6,35.43,0.0,0.0,12.47,0.0,7.15,0.0,0.0,17.92,8.05,0.0,18.98,100.0,True,1063.5448,1445.9056,57.55687,491.1708,1.359515462127717,True,0.58896387,0.6874624542030117,0.6857805193460056,0.6168437308700302,0.6468995885782893,False,181,1505.1989501953126,237.00659858494737,0.1574586525948571,High,0.5889638392908706,0.6874624542030117,0.6857805193460056,0.61684373087003,0.6447626359274795,0.1574586525948571,0.5570502535723533,70,5.94483797181124,R00957,Cr1 Fe1 Ni1 V0.5 W1,Cr:22.2222;Fe:22.2222;Ni:22.2222;V:11.1111;W:22.2222,80.84,0.3678736160907179,0.6241878206681303,40,Very High
CAND_01159,Al16.42Co20.89Ni13.78Ti7.26W41.65,5,16.42,20.89,0.0,0.0,0.0,0.0,0.0,0.0,13.78,7.26,0.0,41.65,100.0,True,774.9531,1579.3453,51.493324,348.5606,2.0379881686392323,True,0.34828666,0.7922557062877278,0.5773300518410229,0.3112423685483114,0.5331815836469254,False,960,1305.4050008138022,196.7442979841475,0.1507151404058473,Low,0.3482866077907858,0.7922557062877278,0.5773300518410229,0.3112423685483115,0.507278683616962,0.1507151404058473,0.4408377588897016,879,12.428877799367404,R01773,Cr1 Nb1 Ti1 W1,Cr:25.0000;Nb:25.0000;Ti:25.0000;W:25.0000,98.82,0.8059049412409767,0.6230735402513311,41,Extreme
CAND_03379,Al31.77Co16.08Cu10.90Ti17.88W23.37,5,31.77,16.08,0.0,10.9,0.0,0.0,0.0,0.0,0.0,17.88,0.0,23.37,100.0,True,962.15344,1502.3307,56.844307,511.4007333333334,1.5614252715028658,True,0.50440633,0.7317743773278786,0.6730358662211257,0.6601947337179626,0.6381423926824713,False,201,1328.2458902994792,211.03922274678743,0.1588856583619502,Medium,0.5044063422359366,0.7317743773278786,0.6730358662211257,0.6601947337179626,0.6423528298757258,0.1588856583619502,0.5542849074374362,81,6.07923127675972,R00957,Cr1 Fe1 Ni1 V0.5 W1,Cr:22.2222;Fe:22.2222;Ni:22.2222;V:11.1111;W:22.2222,82.64,0.37695259756268906,0.6230144772859832,42,Very High
CAND_01695,Al20.65Nb5.02Ni5.99Ti28.76W39.58,5,20.65,0.0,0.0,0.0,0.0,0.0,0.0,5.02,5.99,28.76,0.0,39.58,100.0,True,1057.0,1491.7961,44.111443,368.715,1.4113491958372752,True,0.5835057,0.7235013147129923,0.4453003046409276,0.3544315099756206,0.5565919160207442,False,675,1408.911376953125,194.23159878619947,0.137859344429626,Low,0.5835056631038156,0.7235013147129923,0.4453003046409276,0.3544315099756206,0.5266846981083391,0.137859344429626,0.4628732898197975,603,10.669764742994378,R01773,Cr1 Nb1 Ti1 W1,Cr:25.0000;Nb:25.0000;Ti:25.0000;W:25.0000,97.7,0.6870675121589568,0.6224190889496851,43,Extreme
CAND_00060,Al18.19Nb14.32Ni18.97Ti14.17W34.35,5,18.19,0.0,0.0,0.0,0.0,0.0,0.0,14.32,18.97,14.17,0.0,34.35,100.0,True,1184.5293,1368.6514,55.52749,324.4528,1.1554390453750254,True,0.6898615,0.6267929618764919,0.6494837369442127,0.2595814317949829,0.5963044953958163,False,349,1545.3094075520833,170.10892340876842,0.1100808178462053,Low,0.6898614552459449,0.6267929618764919,0.6494837369442127,0.2595814317949831,0.5564298964654082,0.1100808178462053,0.501251699443831,289,7.509676312373935,R01773,Cr1 Nb1 Ti1 W1,Cr:25.0000;Nb:25.0000;Ti:25.0000;W:25.0000,92.84,0.4735867563847612,0.6214424465227814,44,Extreme
CAND_03857,Al18.41Cu11.04Mn5.46Mo14.46Ti12.93W37.70,6,18.41,0.0,0.0,11.04,0.0,5.46,14.46,0.0,0.0,12.93,0.0,37.7,100.0,True,1009.0049,1220.8262,49.903404,361.038,1.2099309139090282,True,0.5434791,0.510702447224004,0.5488932976223657,0.3379803609095382,0.5041748501207224,False,1467,1569.3667805989585,153.16472863781104,0.0975965150602683,Low,0.5434791211292207,0.510702447224004,0.5488932976223657,0.3379803609095382,0.4852638067212821,0.0975965150602683,0.442114930270744,855,10.33912103133895,R01773,Cr1 Nb1 Ti1 W1,Cr:25.0000;Nb:25.0000;Ti:25.0000;W:25.0000,97.18,0.6647307734866382,0.6207213904788257,45,Extreme
CAND_03443,Al31.56Co15.61Cr12.97Nb30.57Ti9.29,5,31.56,15.61,12.97,0.0,0.0,0.0,0.0,30.57,0.0,9.29,0.0,0.0,100.0,True,1137.7124,1616.4197,51.15439,528.6267333333334,1.4207630124011013,True,0.6508175,0.8213710815852561,0.5712679966090952,0.6971085664406845,0.6890398745546467,False,131,1409.5215250651042,226.0012024771277,0.160338950812893,Medium,0.6508174984051337,0.8213710815852561,0.5712679966090952,0.6971085664406845,0.6851412857600424,0.160338950812893,0.5904665057395999,22,3.838769948633389,R00086,AlCoCrFeNb0.75Ni,Al:17.3913;Co:17.3913;Cr:17.3913;Fe:17.3913;Nb:13.0435;Ni:17.3913,41.199999999999996,0.2255975364268335,0.6202323824671938,46,Moderate
CAND_00720,Al30.51Mo6.81Nb29.40W33.28,4,30.51,0.0,0.0,0.0,0.0,0.0,6.81,29.4,0.0,0.0,0.0,33.28,100.0,True,859.8485,1526.9744,48.352394,505.8753333333333,1.775864446961681,True,0.41908696,0.7511276392611723,0.521152474083647,0.6483542779344881,0.5786056408709292,False,473,1288.9090576171875,178.60195589337184,0.1385683146827706,Low,0.4190869455658927,0.7511276392611723,0.521152474083647,0.6483542779344881,0.5849303342113,0.1385683146827706,0.5137419746080621,231,7.627350804520146,R01773,Cr1 Nb1 Ti1 W1,Cr:25.0000;Nb:25.0000;Ti:25.0000;W:25.0000,93.30000000000001,0.481536293263318,0.6199926191002197,47,Extreme
CAND_02476,Al28.16Co11.76Cr32.84Ni5.45Ti8.12W13.67,6,28.16,11.76,32.84,0.0,0.0,0.0,0.0,0.0,5.45,8.12,0.0,13.67,100.0,True,1068.8793,1759.1621,61.04905,480.71906666666666,1.6458005551457535,True,0.59341264,0.9334699570052204,0.7482404320128756,0.5944465675164271,0.734291880486117,False,5,1354.2581380208333,271.6286118371869,0.2005737342174334,High,0.5934126598613764,0.9334699570052204,0.7482404320128756,0.5944465675164271,0.7173924040989749,0.2005737342174334,0.5975413118350376,17,4.476501949054278,R01366,Co1 Cr1 Fe1 Ni1 W0.5,Co:22.2222;Cr:22.2222;Fe:22.2222;Ni:22.2222;W:11.1111,57.14,0.2686797198594379,0.619327762810142,48,High
CAND_04387,Al24.24Nb21.99Ti13.85W39.92,4,24.24,0.0,0.0,0.0,0.0,0.0,0.0,21.99,0.0,13.85,0.0,39.92,100.0,True,1090.4309,1376.0247,46.35679,420.3940333333333,1.2619091128547455,True,0.6113861,0.632583383209845,0.4854597974296208,0.4651752224880227,0.5643320927300688,False,599,1320.4860270182292,212.70155395087937,0.1610782314987291,Medium,0.611386078439933,0.632583383209845,0.4854597974296208,0.4651752224880227,0.5486511203918554,0.1610782314987291,0.4725358770043015,494,10.61783249273055,R01773,Cr1 Nb1 Ti1 W1,Cr:25.0000;Nb:25.0000;Ti:25.0000;W:25.0000,97.6,0.6835592128569654,0.6176639507730024,49,Extreme
CAND_01888,Cr34.09Mn8.50Nb6.91Ni5.69W44.81,5,0.0,0.0,34.09,0.0,0.0,8.5,0.0,6.91,5.69,0.0,0.0,44.81,100.0,True,772.60394,1542.2523,47.722687,309.958,1.9961745137732485,True,0.34632748,0.7631257239842727,0.5098897544570193,0.2285203251800225,0.494586454153095,False,1676,1092.8442016601562,152.19241909690095,0.1392626861776849,Low,0.3463274754763404,0.7631257239842727,0.5098897544570193,0.2285203251800225,0.4619658197744137,0.1392626861776849,0.4054954361090725,1461,13.719084062526052,R01773,Cr1 Nb1 Ti1 W1,Cr:25.0000;Nb:25.0000;Ti:25.0000;W:25.0000,99.44,0.893065226217442,0.6173884870895767,50,Extreme
